MSE, Q-LIKE
   0.31198,   2.11050
   1.91228,   1.87848
   3.06150,   1.77522
   0.49967,   2.06875
   2.92579,   1.78626
   1.10760,   1.97149
   3.16007,   1.76736
   3.20742,   1.76362
   0.03163,   2.21766
   0.16950,   2.15184
   0.35972,   2.09890
   0.57837,   2.05366
   4.24751,   1.68762
   2.53033,   1.81998
   2.66339,   1.80836
   3.72660,   1.72435
   4.28411,   1.68513
   5.14017,   1.62957
   4.24151,   1.68803
   4.17020,   1.69292
   3.28874,   1.75727
   3.61461,   1.73258
   3.76333,   1.72168
   0.59392,   2.05080
   0.59222,   2.05111
   3.07178,   1.77440
   6.44592,   1.55309
   4.05740,   1.70075
   0.59083,   2.05136
   4.30739,   1.68354
   0.85698,   2.00715
   2.06152,   1.86358
   2.85131,   1.79243
   3.86393,   1.71443
   1.63527,   1.90778
   0.39819,   2.09010
   5.67471,   1.59721
   3.27781,   1.75812
   4.20415,   1.69059
   2.71956,   1.80354
   3.17368,   1.76628
   4.62007,   1.66271
   4.80315,   1.65084
   3.68607,   1.72732
   2.93449,   1.78555
   4.56173,   1.66654
   4.49156,   1.67119
   2.51477,   1.82136
   0.16084,   2.15484
   3.87906,   1.71335
   2.07143,   1.86261
   2.92141,   1.78662
   1.47246,   1.92617
   3.79441,   1.71943
   5.30117,   1.61965
   4.26954,   1.68612
   2.25705,   1.84485
   2.65331,   1.80923
   5.20172,   1.62576
   3.26111,   1.75942
   1.65711,   1.90538
   4.73044,   1.65553
   3.05163,   1.77602
   5.95658,   1.58075
   5.06298,   1.63438
   0.28612,   2.11716
   5.28140,   1.62086
   3.79468,   1.71941
   4.44264,   1.67444
   3.36006,   1.75177
   2.14230,   1.85574
   3.83282,   1.71666
   0.67572,   2.03634
   1.14928,   1.96597
   0.30670,   2.11184
   0.67446,   2.03656
   2.21445,   1.84886
   4.88217,   1.64579
   5.82665,   1.58829
   6.54106,   1.54784
   5.46754,   1.60956
   4.72259,   1.65604
   4.95313,   1.64128
   8.95178,   1.42557
   4.74674,   1.65447
   5.14224,   1.62944
   8.21753,   1.46084
   2.96549,   1.78301
   1.38316,   1.93669
   6.30329,   1.56104
   5.06879,   1.63401
   7.45448,   1.49922
   4.76425,   1.65334
   6.55238,   1.54722
   3.13599,   1.76927
   2.86788,   1.79105
   6.88500,   1.52916
   3.31495,   1.75524
   4.48030,   1.67193
   5.24573,   1.62305
   6.20109,   1.56680
   7.52209,   1.49574
   5.84777,   1.58706
   7.75934,   1.48366
   7.23751,   1.51048
   7.97867,   1.47266
   5.24464,   1.62311
   6.81151,   1.53311
   6.80199,   1.53362
   6.02647,   1.57674
   3.49658,   1.74139
   3.40417,   1.74839
   0.73801,   2.02591
   3.74574,   1.72296
   2.24745,   1.84575
   5.31561,   1.61877
   3.79408,   1.71946
   2.44236,   1.82783
   6.21396,   1.56607
   4.98102,   1.63952
   5.51306,   1.60682
   7.23252,   1.51075
   8.09735,   1.46677
   7.00379,   1.52281
   5.74671,   1.59297
   4.15169,   1.69420
   5.16086,   1.62828
   5.19495,   1.62618
   1.96790,   1.87286
   3.49769,   1.74131
   8.38116,   1.45285
   4.01011,   1.70406
   4.67506,   1.65912
   3.70664,   1.72581
   7.16824,   1.51412
   4.55803,   1.66679
   5.25948,   1.62220
   7.48278,   1.49776
   7.69487,   1.48693
   5.21649,   1.62485
   8.11158,   1.46606
   8.66198,   1.43931
   4.07525,   1.69950
   8.77999,   1.43369
   9.25659,   1.41135
   7.29318,   1.50758
   8.64871,   1.43995
   6.95333,   1.52550
   5.87200,   1.58565
   3.80638,   1.71857
   5.06867,   1.63402
   0.98883,   1.98782
   6.76640,   1.53554
   8.37578,   1.45311
   6.26001,   1.56347
   5.90864,   1.58352
   7.28459,   1.50803
   7.24278,   1.51021
   6.87736,   1.52957
   8.61235,   1.44169
   5.67723,   1.59706
   7.51414,   1.49615
   6.55402,   1.54713
   7.58071,   1.49274
   5.49329,   1.60801
   8.29961,   1.45682
   8.02738,   1.47023
   8.83761,   1.43095
   8.54889,   1.44474
   8.28591,   1.45749
   8.66602,   1.43912
  10.56427,   1.35286
   9.66199,   1.39280
  10.52994,   1.35434
   9.44798,   1.40254
   8.93922,   1.42616
   8.67746,   1.43857
   8.72838,   1.43614
   9.98824,   1.37815
  10.58888,   1.35179
  10.03483,   1.37608
   7.59429,   1.49204
   9.32173,   1.40834
   8.21296,   1.46107
  10.32890,   1.36311
   5.82980,   1.58810
   5.03475,   1.63614
   5.47409,   1.60916
   6.80727,   1.53334
   4.19404,   1.69128
   5.32522,   1.61818
   7.50604,   1.49656
   6.24795,   1.56415
   0.62587,   2.04504
   2.10405,   1.85943
   6.66809,   1.54088
   3.57053,   1.73585
   8.68657,   1.43814
   6.79704,   1.53389
   3.28797,   1.75733
   6.48194,   1.55110
   8.01757,   1.47072
   9.72290,   1.39004
   4.71028,   1.65683
   8.33663,   1.45502
   5.40660,   1.61324
   9.81745,   1.38579
   6.67043,   1.54076
   6.50289,   1.54994
   6.03649,   1.57616
   6.56709,   1.54641
   7.63436,   1.49000
   9.72335,   1.39002
   9.49264,   1.40050
   8.41728,   1.45110
   8.50351,   1.44692
   6.40095,   1.55559
   7.60350,   1.49157
   6.03704,   1.57613
   4.29597,   1.68432
   9.20578,   1.41370
   7.18948,   1.51300
   5.74920,   1.59282
   1.51592,   1.92116
   4.07623,   1.69944
   4.16064,   1.69358
   6.29412,   1.56156
   8.90720,   1.42767
   8.75614,   1.43482
   3.26602,   1.75904
   4.70462,   1.65720
   5.07560,   1.63359
   5.35574,   1.61632
   7.11205,   1.51708
   8.66403,   1.43921
   8.33152,   1.45527
   7.57049,   1.49326
   8.27084,   1.45823
   7.06071,   1.51979
   2.31519,   1.83944
   7.03172,   1.52133
   8.17327,   1.46302
   7.10169,   1.51762
   6.45278,   1.55271
  10.09410,   1.37345
   6.64830,   1.54196
   4.16337,   1.69339
   1.65436,   1.90568
   7.99884,   1.47165
   8.25120,   1.45919
   7.86537,   1.47832
   5.07495,   1.63363
   7.26362,   1.50912
   7.90066,   1.47655
   6.74463,   1.53672
   6.89220,   1.52877
   6.24509,   1.56431
   0.32538,   2.10716
   4.54224,   1.66783
   5.42343,   1.61222
   3.48964,   1.74191
   3.99274,   1.70529
   5.21690,   1.62482
   1.05511,   1.97860
   1.46866,   1.92661
   5.18639,   1.62670
   0.96006,   1.99193
   0.28892,   2.11642
   1.30236,   1.94650
   4.64861,   1.66085
   7.92105,   1.47553
   4.84695,   1.64804
   6.24306,   1.56443
   4.49929,   1.67067
   7.25932,   1.50934
   3.88810,   1.71270
   5.22203,   1.62451
   4.66311,   1.65990
   7.96015,   1.47358
   5.88475,   1.58491
   8.84511,   1.43060
   8.74137,   1.43552
   6.60742,   1.54420
   8.95036,   1.42563
   8.91453,   1.42732
   9.76869,   1.38798
  10.37539,   1.36107
   8.97768,   1.42435
   8.85177,   1.43028
   8.39021,   1.45241
   9.19606,   1.41415
   9.83692,   1.38491
   9.76560,   1.38812
   6.62251,   1.54337
   8.60404,   1.44209
   8.13060,   1.46512
   8.79801,   1.43283
   9.08115,   1.41950
   7.94315,   1.47443
   6.24874,   1.56411
   4.56472,   1.66635
   7.91377,   1.47590
   8.78922,   1.43325
   7.63443,   1.49000
   6.70207,   1.53903
   8.67746,   1.43857
   8.78742,   1.43333
  10.10004,   1.37318
   5.82755,   1.58824
   0.82412,   2.01220
   7.72155,   1.48557
   5.45165,   1.61052
   5.77984,   1.59102
   7.59506,   1.49201
   2.04788,   1.86492
   6.48466,   1.55095
   2.13574,   1.85637
   4.88064,   1.64589
   4.24937,   1.68749
   5.40480,   1.61335
   8.35259,   1.45424
   6.33549,   1.55924
   6.47044,   1.55174
   6.07311,   1.57407
   7.78343,   1.48244
   1.82427,   1.88755
   8.26197,   1.45866
   7.91540,   1.47582
   4.67085,   1.65940
   4.77312,   1.65277
   7.18161,   1.51341
   6.97598,   1.52429
   9.20546,   1.41372
   7.78259,   1.48249
   8.69170,   1.43789
   8.89694,   1.42815
   8.77329,   1.43401
   9.54540,   1.39809
   9.89756,   1.38220
   8.73134,   1.43600
   9.78804,   1.38711
  10.32099,   1.36345
   9.66144,   1.39282
   6.59281,   1.54500
   7.63004,   1.49022
   9.63104,   1.39420
   8.46518,   1.44878
   8.31602,   1.45602
   8.46867,   1.44861
   8.86680,   1.42957
   9.25768,   1.41130
   9.86392,   1.38370
  10.29711,   1.36450
   9.24139,   1.41205
  10.66611,   1.34846
   7.40328,   1.50186
   6.01313,   1.57750
   9.21751,   1.41316
   8.33078,   1.45530
   7.25350,   1.50965
   8.27192,   1.45818
   7.32115,   1.50612
   8.72408,   1.43635
   8.74047,   1.43557
   7.10052,   1.51769
   8.31445,   1.45610
   8.87711,   1.42909
   8.19924,   1.46174
   9.00896,   1.42288
   7.68223,   1.48757
  10.20138,   1.36871
   7.58955,   1.49229
   7.52258,   1.49572
   2.47441,   1.82496
   5.83108,   1.58803
   7.40356,   1.50185
   5.02436,   1.63680
   2.42589,   1.82932
   4.83282,   1.64894
   7.46668,   1.49859
   4.09248,   1.69830
   7.10575,   1.51741
   6.56582,   1.54648
   5.68564,   1.59656
   7.96784,   1.47320
   7.24154,   1.51027
   8.14926,   1.46420
   4.89119,   1.64521
   6.67214,   1.54066
   4.29292,   1.68453
   8.55537,   1.44442
   7.56408,   1.49359
   8.62083,   1.44128
   8.71732,   1.43667
   9.08407,   1.41937
   6.45065,   1.55283
  10.45164,   1.35775
   8.29644,   1.45698
   9.96434,   1.37921
   5.81300,   1.58908
   9.23799,   1.41221
   9.15978,   1.41584
  10.92550,   1.33735
   5.93678,   1.58190
   8.15657,   1.46384
   6.88085,   1.52938
   6.28151,   1.56227
   6.21176,   1.56619
   8.61735,   1.44145
   8.73940,   1.43562
   9.31760,   1.40853
   8.04533,   1.46934
   7.49522,   1.49712
   9.38942,   1.40523
  10.00374,   1.37746
   9.43270,   1.40324
   9.73753,   1.38938
   3.49933,   1.74118
   8.59217,   1.44266
   8.52728,   1.44578
   6.77905,   1.53486
   8.22160,   1.46064
   9.28069,   1.41023
   9.17469,   1.41515
  10.60523,   1.35109
  10.09546,   1.37339
  10.32314,   1.36336
   7.54423,   1.49461
   5.20354,   1.62564
   7.41960,   1.50102
   7.13327,   1.51596
   7.68960,   1.48719
   7.86134,   1.47852
   7.78549,   1.48234
   6.58184,   1.54560
   7.62099,   1.49068
   7.80456,   1.48138
   6.67000,   1.54078
   7.68530,   1.48741
   5.97943,   1.57944
   7.60571,   1.49146
   9.30426,   1.40915
   9.35834,   1.40666
   8.76884,   1.43422
   8.40597,   1.45164
   9.24309,   1.41197
   9.50909,   1.39975
  10.80055,   1.34268
   9.50454,   1.39996
   9.33659,   1.40766
   9.44007,   1.40290
  10.06404,   1.37478
  10.00674,   1.37733
   8.81268,   1.43214
   9.73421,   1.38953
   8.47831,   1.44814
  10.99547,   1.33437
  10.63898,   1.34963
   9.98990,   1.37807
   9.43853,   1.40297
   9.41378,   1.40411
   7.93732,   1.47472
   8.87239,   1.42931
   8.78450,   1.43347
   9.70841,   1.39070
   8.00769,   1.47121
   8.55762,   1.44432
   7.27076,   1.50875
   8.04959,   1.46913
   8.42433,   1.45075
   9.75501,   1.38860
   9.17753,   1.41501
   8.40040,   1.45192
   8.51338,   1.44645
   7.14445,   1.51537
   8.35872,   1.45394
   8.26488,   1.45852
   8.34505,   1.45461
   8.34506,   1.45461
   5.23529,   1.62369
   4.33645,   1.68158
   2.54791,   1.81843
   3.66004,   1.72923
   7.57851,   1.49285
   8.47244,   1.44842
   8.21282,   1.46107
   8.21957,   1.46074
   7.73759,   1.48476
   4.52727,   1.66882
   3.00466,   1.77982
   7.05835,   1.51992
   9.70414,   1.39089
   8.00124,   1.47153
   8.63006,   1.44084
   8.11838,   1.46573
   5.61308,   1.60086
   5.87169,   1.58567
   3.92483,   1.71009
   4.07529,   1.69950
   6.70897,   1.53866
   8.19037,   1.46218
   6.16041,   1.56910
   5.64359,   1.59905
   6.23689,   1.56478
   7.87227,   1.47798
   7.08867,   1.51831
   5.85900,   1.58640
   6.89986,   1.52836
   3.61521,   1.73254
   6.90442,   1.52811
   4.86499,   1.64688
   7.09990,   1.51772
   4.61225,   1.66323
   7.19575,   1.51267
   9.76098,   1.38833
   7.10692,   1.51735
   7.13470,   1.51588
   6.23542,   1.56486
   3.43011,   1.74642
   7.37394,   1.50338
   8.29742,   1.45693
   7.88510,   1.47733
   9.09736,   1.41875
   8.42102,   1.45091
   8.89900,   1.42805
   8.45703,   1.44917
  10.13522,   1.37163
   9.83375,   1.38505
   9.52838,   1.39887
   8.88778,   1.42858
   6.56343,   1.54661
   9.65254,   1.39323
  10.06394,   1.37478
  10.20036,   1.36875
   8.79693,   1.43288
  10.91033,   1.33799
   7.78973,   1.48213
   8.70271,   1.43737
   8.54160,   1.44509
  10.07927,   1.37410
   9.79930,   1.38660
  10.43716,   1.35838
   9.51046,   1.39969
  10.15013,   1.37097
  10.66708,   1.34842
  10.44440,   1.35806
   8.61555,   1.44153
   9.54131,   1.39828
   9.11269,   1.41803
  11.47420,   1.31427
  10.89021,   1.33885
   8.42466,   1.45074
   9.18032,   1.41488
   9.22661,   1.41274
   9.34901,   1.40708
   7.81959,   1.48062
   9.37883,   1.40571
   9.47464,   1.40132
  10.42900,   1.35873
   9.70227,   1.39098
   8.50992,   1.44661
   9.59623,   1.39578
   5.86388,   1.58612
   7.10813,   1.51728
   8.58588,   1.44296
   9.88216,   1.38289
  10.80398,   1.34254
  10.76475,   1.34422
   9.91121,   1.38159
  10.00725,   1.37730
  10.54796,   1.35356
  10.75493,   1.34464
   8.84258,   1.43072
  10.58604,   1.35191
   9.80260,   1.38645
  10.35342,   1.36203
   9.74941,   1.38885
  11.07060,   1.33119
   9.34686,   1.40718
   8.69282,   1.43784
   8.78174,   1.43360
   9.44591,   1.40264
   9.06952,   1.42005
   7.26381,   1.50911
   8.14331,   1.46450
   8.72068,   1.43651
   9.97491,   1.37874
   9.84441,   1.38458
   8.92008,   1.42706
   7.57777,   1.49289
   9.60504,   1.39538
   8.82003,   1.43179
   7.71898,   1.48570
   8.06228,   1.46850
   6.19657,   1.56705
   5.92520,   1.58257
   8.71210,   1.43692
   8.98448,   1.42403
   9.66654,   1.39259
   9.18938,   1.41446
   9.27911,   1.41031
  11.19272,   1.32604
  10.33831,   1.36269
  10.59583,   1.35149
  10.25457,   1.36637
  10.96887,   1.33550
   9.37779,   1.40576
   7.47559,   1.49813
   7.35708,   1.50426
   6.39564,   1.55589
   8.12766,   1.46527
   7.83213,   1.47999
   8.51196,   1.44652
   8.00939,   1.47113
   7.07631,   1.51897
   8.71526,   1.43677
   9.11602,   1.41788
   7.52856,   1.49541
   5.33697,   1.61747
   3.41094,   1.74788
   5.59695,   1.60182
   7.10522,   1.51744
   6.28400,   1.56213
   5.30020,   1.61971
   4.84168,   1.64837
   7.27621,   1.50846
   6.59922,   1.54465
   8.63723,   1.44050
   5.16076,   1.62829
   3.94201,   1.70887
   7.98218,   1.47248
   7.16746,   1.51416
   7.14246,   1.51547
   6.46098,   1.55226
   5.13065,   1.63016
   6.44458,   1.55317
   7.67039,   1.48817
   5.70008,   1.59571
   9.95671,   1.37955
   7.78597,   1.48232
   7.76701,   1.48327
   8.73653,   1.43575
   8.59017,   1.44275
   9.32773,   1.40806
   8.50073,   1.44706
  10.07585,   1.37426
   9.24478,   1.41190
   8.33193,   1.45525
   8.17207,   1.46308
   7.99521,   1.47183
   7.26497,   1.50905
   9.66918,   1.39247
   8.73163,   1.43599
   9.03177,   1.42181
   9.58245,   1.39641
   5.86028,   1.58633
   6.58146,   1.54562
   7.21381,   1.51173
   9.59121,   1.39601
   8.36279,   1.45374
   8.74055,   1.43556
   7.12576,   1.51635
   5.79653,   1.59005
   6.48609,   1.55087
   8.57509,   1.44348
   7.98834,   1.47218
   7.88024,   1.47758
   8.04712,   1.46925
  10.90898,   1.33805
   9.01393,   1.42265
   7.85567,   1.47881
   9.09041,   1.41907
  10.85895,   1.34019
  10.79981,   1.34271
   8.89865,   1.42807
   9.46020,   1.40198
   9.57805,   1.39661
   8.18197,   1.46259
   4.03770,   1.70213
   8.56129,   1.44414
   7.86643,   1.47827
   6.63534,   1.54267
  10.41908,   1.35917
   8.87717,   1.42908
   7.56135,   1.49373
  11.13876,   1.32831
   8.76477,   1.43441
   9.42045,   1.40380
   5.94126,   1.58164
   7.38198,   1.50296
   3.37159,   1.75088
   4.29475,   1.68440
   9.27746,   1.41038
   7.95412,   1.47388
   5.73953,   1.59339
   3.06911,   1.77461
   9.10898,   1.41820
   7.16077,   1.51451
   7.61645,   1.49091
   5.95570,   1.58081
   6.04229,   1.57583
  10.06961,   1.37453
   8.57180,   1.44363
   8.27879,   1.45784
   7.54971,   1.49432
   7.05798,   1.51994
   7.64924,   1.48924
   8.65824,   1.43949
   5.06052,   1.63453
   9.75854,   1.38844
   8.58279,   1.44311
   7.96856,   1.47316
   8.13311,   1.46500
   8.33430,   1.45513
   8.66805,   1.43902
   9.39871,   1.40480
   8.03480,   1.46987
   8.44079,   1.44996
   8.71546,   1.43676
   7.57244,   1.49316
   7.16924,   1.51406
   8.82878,   1.43137
   8.37708,   1.45305
   9.27537,   1.41048
   8.47928,   1.44809
   9.06492,   1.42026
   9.73396,   1.38954
   9.73766,   1.38938
   9.39537,   1.40495
  10.88520,   1.33906
   9.42895,   1.40341
   9.92003,   1.38119
   9.02197,   1.42227
   7.94637,   1.47427
   9.10364,   1.41845
  10.29736,   1.36449
   7.08872,   1.51831
   7.35499,   1.50436
   9.58023,   1.39651
   9.96832,   1.37904
   7.62027,   1.49072
   7.59896,   1.49181
   9.67024,   1.39242
   9.21175,   1.41343
   4.22488,   1.68917
   7.48566,   1.49761
   7.73883,   1.48470
   8.55808,   1.44429
   7.76207,   1.48352
   9.02615,   1.42208
   4.97693,   1.63978
   7.93495,   1.47484
   9.60993,   1.39516
   9.35532,   1.40679
   9.70427,   1.39089
   9.35171,   1.40696
   9.01345,   1.42267
   4.27320,   1.68587
   3.40857,   1.74806
   6.07423,   1.57400
   6.30598,   1.56089
   8.07438,   1.46790
   9.53728,   1.39846
   9.03515,   1.42165
   8.86560,   1.42963
   9.47756,   1.40119
   7.46435,   1.49871
   6.79709,   1.53389
   5.93771,   1.58184
   5.80026,   1.58983
   8.22138,   1.46065
   5.63367,   1.59963
   6.30244,   1.56109
   8.24880,   1.45931
   3.98358,   1.70593
   8.47353,   1.44837
   3.70182,   1.72616
   8.69361,   1.43780
   8.93651,   1.42629
   7.11255,   1.51705
   5.40532,   1.61331
   9.41599,   1.40401
   5.02075,   1.63702
   7.55176,   1.49422
   3.86664,   1.71424
   7.25578,   1.50953
   2.29828,   1.84100
   8.09087,   1.46709
   7.58866,   1.49233
   1.37256,   1.93796
   3.94345,   1.70877
   7.67489,   1.48794
   7.27761,   1.50839
   5.61657,   1.60065
   6.45701,   1.55248
   2.92419,   1.78639
   6.97709,   1.52423
   6.99642,   1.52320
   7.64850,   1.48928
   8.93062,   1.42656
   8.22202,   1.46062
   3.87818,   1.71341
   7.99293,   1.47195
   7.73702,   1.48479
   8.60872,   1.44186
   6.41391,   1.55487
   9.58692,   1.39620
   6.81966,   1.53267
   7.40653,   1.50169
   5.26090,   1.62212
   4.44694,   1.67416
   7.91739,   1.47572
   5.52573,   1.60607
   4.88671,   1.64550
   8.25932,   1.45879
   7.62763,   1.49034
   8.35184,   1.45428
   7.95069,   1.47405
   7.28891,   1.50780
   7.49416,   1.49718
   5.13576,   1.62984
   8.97843,   1.42431
   8.80963,   1.43228
   9.11853,   1.41776
   8.94946,   1.42568
   6.34336,   1.55880
   8.97889,   1.42429
   6.52023,   1.54899
   6.86973,   1.52998
   6.71027,   1.53859
   8.81281,   1.43213
   9.14316,   1.41661
   7.82327,   1.48044
   9.95266,   1.37973
  10.76585,   1.34417
  10.70611,   1.34674
  11.10581,   1.32970
  11.00955,   1.33378
  10.42878,   1.35874
  11.06223,   1.33154
   9.88086,   1.38294
   9.85209,   1.38423
   9.61133,   1.39509
  10.09972,   1.37320
   9.94981,   1.37986
  10.32307,   1.36336
   9.26591,   1.41092
  10.37245,   1.36120
   9.64542,   1.39355
   9.34876,   1.40710
   9.45239,   1.40234
   9.79410,   1.38684
   9.72813,   1.38981
  10.20025,   1.36876
  10.33028,   1.36305
   9.82579,   1.38541
  10.84391,   1.34083
   9.52516,   1.39901
   8.83564,   1.43105
   9.44664,   1.40260
   9.16243,   1.41572
   8.39011,   1.45242
   8.02646,   1.47028
   9.52486,   1.39903
  10.65236,   1.34905
   8.76266,   1.43451
   8.46273,   1.44889
   8.72256,   1.43642
   7.95902,   1.47364
   8.78113,   1.43363
  10.67997,   1.34786
  10.32500,   1.36328
   8.83630,   1.43102
   7.55433,   1.49409
   8.10285,   1.46649
   9.98462,   1.37831
   8.38051,   1.45288
   6.42555,   1.55422
   8.16056,   1.46365
   8.00515,   1.47134
   8.90196,   1.42791
   9.02758,   1.42201
   8.49239,   1.44746
  10.17797,   1.36974
  10.98655,   1.33475
   9.94149,   1.38023
   9.63503,   1.39402
   9.48392,   1.40090
   9.51023,   1.39970
   9.77275,   1.38780
   8.83965,   1.43086
   8.64811,   1.43997
   7.47661,   1.49808
   9.35919,   1.40662
   9.91706,   1.38132
  10.47148,   1.35688
   7.30024,   1.50721
   9.53701,   1.39847
   9.95681,   1.37955
  10.32004,   1.36349
   8.90495,   1.42777
  10.25254,   1.36646
   9.91028,   1.38163
   6.95896,   1.52520
   7.92741,   1.47521
   9.07426,   1.41983
   8.48411,   1.44786
   6.86062,   1.53046
   6.03399,   1.57631
   7.96551,   1.47331
  10.69809,   1.34708
   8.37288,   1.45325
   0.50898,   2.46853
   6.85051,   1.53101
   4.73242,   1.65540
   9.04406,   1.42124
   3.18475,   1.76541
   7.52736,   1.49547
   6.00383,   1.57804
   8.04257,   1.46948
   9.85035,   1.38431
   7.69300,   1.48702
   7.10342,   1.51753
   9.79322,   1.38688
   7.32690,   1.50582
   7.99254,   1.47197
   8.09363,   1.46695
   5.68612,   1.59653
   7.08498,   1.51851
   5.16857,   1.62781
   6.97820,   1.52417
   7.06029,   1.51981
   5.42398,   1.61219
   8.57138,   1.44365
   9.32750,   1.40808
   8.43416,   1.45028
   7.16293,   1.51440
   5.90192,   1.58391
   4.72572,   1.65583
   5.93775,   1.58184
   8.45714,   1.44916
   8.36275,   1.45375
   8.18716,   1.46234
   5.17398,   1.62747
   7.43584,   1.50018
  10.10506,   1.37296
   5.41585,   1.61268
   6.79825,   1.53382
   8.23769,   1.45985
   7.73715,   1.48478
   8.55849,   1.44427
   9.37151,   1.40605
   7.54296,   1.49467
   8.95730,   1.42531
   8.83120,   1.43126
   9.76410,   1.38819
   9.16052,   1.41580
   8.78719,   1.43334
   9.45720,   1.40212
   8.49844,   1.44717
   7.84042,   1.47958
   8.04700,   1.46926
   6.47380,   1.55155
   3.78414,   1.72017
  12.01999,   3.24358
   0.21777,   2.39907
   0.82321,   2.52310
   1.38661,   1.93627
   1.32362,   1.94389
   4.67264,   1.65928
   3.55753,   1.73682
   5.52239,   1.60627
   4.21674,   1.68972
   4.59912,   1.66409
   4.06901,   1.69994
   0.09160,   2.35291
   4.99026,   1.63894
   5.17459,   1.62743
   7.41114,   1.50146
   7.00074,   1.52297
   1.70886,   1.89977
   6.11881,   1.57146
   6.39745,   1.55579
   4.00440,   1.70446
   5.70696,   1.59530
   2.87058,   1.79083
   4.41024,   1.67661
   2.16225,   1.85383
   4.41190,   1.67650
   6.14743,   1.56984
   7.83836,   1.47968
   8.91295,   1.42740
   9.02242,   1.42225
   8.26531,   1.45850
   2.50649,   1.82210
   8.02538,   1.47033
   8.83805,   1.43093
   1.94450,   1.87522
   4.29164,   1.68461
   6.97213,   1.52450
   7.18463,   1.51326
   5.70255,   1.59556
   8.45058,   1.44948
   6.92560,   1.52698
   7.65867,   1.48876
   6.55089,   1.54730
   6.71629,   1.53826
   5.58023,   1.60281
   5.50112,   1.60754
   7.98720,   1.47223
   7.14190,   1.51550
   8.01374,   1.47091
   6.10135,   1.57246
   8.68594,   1.43817
   5.01616,   1.63731
   5.39737,   1.61380
   6.87412,   1.52974
   7.52014,   1.49584
   7.45740,   1.49907
   5.72836,   1.59404
   8.26810,   1.45836
   9.17683,   1.41505
   9.46312,   1.40185
   5.88729,   1.58476
   7.21647,   1.51159
   6.69248,   1.53955
   8.20002,   1.46170
   7.30849,   1.50678
   8.17962,   1.46271
   8.53779,   1.44527
   7.07267,   1.51916
  10.16123,   1.37048
   8.57440,   1.44351
   7.95621,   1.47378
   3.28000,   1.75795
   3.70811,   1.72570
   6.38324,   1.55658
   4.15034,   1.69429
   4.58868,   1.66477
   5.70389,   1.59548
   7.24227,   1.51024
   9.32495,   1.40819
   8.18061,   1.46266
   6.50106,   1.55004
   2.50531,   1.82220
   4.55334,   1.66710
   2.49119,   1.82346
   2.22542,   1.84782
   2.01519,   1.86815
   2.04246,   1.86545
   3.85255,   1.71525
   5.09293,   1.63251
   8.63653,   1.44053
   8.59812,   1.44237
  10.03146,   1.37623
   4.49775,   1.67078
   4.36657,   1.67954
   6.19556,   1.56711
   5.01658,   1.63729
   6.79567,   1.53396
   5.35595,   1.61631
   0.86491,   2.00595
   2.86190,   1.79155
   2.15501,   2.68092
   7.10670,   1.51736
   1.54735,   1.91759
   0.15922,   2.38003
   9.94480,   3.15535
   8.68363,   3.09716
   0.14833,   2.15932
   0.10068,   2.17841
  11.15566,   3.20784
   0.26575,   2.12262
   2.73217,   2.73297
  33.42373,   3.89501
  54.76939,   4.35080
  15.66446,   3.38174
  39.48089,   4.03632
  70.86906,   4.63726
   0.08401,   2.18614
   3.03127,   2.75778
  13.83417,   3.31464
 245.72640,   6.67999
  58.45499,   4.41974
   2.11586,   2.67715
   0.00301,   2.28317
   0.69618,   2.03287
   0.08263,   2.34863
   2.87326,   1.79060
   6.57969,   1.54572
   2.48405,   1.82409
   1.66089,   1.90497
   1.75414,   1.89493
   2.11961,   1.85793
   4.94477,   1.64181
   5.64318,   1.59907
   4.05856,   1.70067
   1.20266,   1.95904
   1.34040,   1.94184
   1.26440,   1.95122
   1.51493,   1.92128
   5.75212,   1.59265
   6.97361,   1.52442
   5.15126,   1.62888
   9.22631,   3.12269
   1.87664,   1.88213
   3.82957,   1.71690
   4.45659,   1.67351
   5.80105,   1.58978
   5.30847,   1.61920
   2.41623,   1.83019
   5.94238,   1.58157
   7.75423,   1.48392
   0.00517,   2.28795
   9.00659,   1.42299
   6.61078,   1.54401
   6.47982,   1.55122
   5.58269,   1.60266
   8.56055,   1.44418
   4.15441,   1.69401
   7.35140,   1.50455
   1.20845,   1.95830
   0.80339,   2.01543
   0.00621,   2.24554
   4.64013,   1.66140
  30.42943,   3.82040
   3.76554,   1.72152
   1.38319,   1.93668
   1.52652,   2.61549
   5.26076,   1.62212
   1.89591,   2.65529
   1.17127,   2.57234
   2.83731,   2.74184
   4.41178,   1.67651
   1.36441,   1.93894
   1.56633,   2.61999
   3.30646,   2.77954
  55.56689,   4.36591
  11.96146,   3.24120
   7.86288,   3.05699
  14.93135,   3.35536
 329.35240,   7.37591
 456.80173,   8.28361
  83.53601,   4.84032
   5.36354,   2.91959
  30.51879,   3.82268
  15.79171,   3.38626
  11.69859,   3.23045
   5.98642,   2.95640
 114.36651,   5.27785
  51.74487,   4.29246
   7.94348,   3.06103
  43.95076,   4.13375
  26.33651,   3.71221
   6.58251,   2.98988
   8.71774,   3.09879
   1.02917,   2.55327
   2.54416,   2.71668
   5.19283,   2.90913
   0.00453,   2.28667
   0.32952,   2.42929
   0.00212,   2.25475
  59.25971,   4.43451
  73.76201,   4.68514
  35.53039,   3.94550
  81.86982,   4.81454
  11.58404,   3.22572
  10.11741,   3.16302
   6.15481,   2.96602
   0.08740,   2.35093
   2.72428,   1.80314
   4.12563,   1.69600
   4.67688,   1.65900
   1.99781,   1.86988
   1.05435,   1.97870
   0.01648,   2.23159
   1.85198,   1.88467
   0.58850,   2.48365
   2.31973,   2.69642
  34.76157,   3.92725
  62.61436,   4.49499
 171.94288,   5.95859
  95.92595,   5.02451
   0.18597,   2.38910
  35.86342,   3.95335
  51.02712,   4.27837
  63.41426,   4.50917
 171.58391,   5.95473
1500.71824,  13.17172
 635.62635,   9.36411
  35.16912,   3.93695
  65.08535,   4.53851
   6.80245,   3.00184
   3.84490,   2.81964
  53.49661,   4.32645
 103.84257,   5.13602
  30.74519,   3.82844
   0.14449,   2.37471
  22.72711,   3.60958
  19.44700,   3.50898
  66.93760,   4.57060
   1.28190,   2.58641
  14.76900,   3.34943
  21.19818,   3.56366
  20.32420,   3.53667
   0.33870,   2.43153
   4.93188,   2.89281
   0.25391,   2.40955
   5.63806,   2.93607
   0.03686,   2.21368
   1.11097,   2.56440
  49.53944,   4.24884
  15.26580,   3.36748
   9.91039,   3.15382
   0.14202,   2.37379
   1.20799,   2.57708
   7.21876,   3.02397
 151.58543,   5.73321
  87.45619,   4.90000
  11.63524,   3.22784
 168.90855,   5.92587
  50.94921,   4.27684
 153.69317,   5.75722
 118.16792,   5.32747
 284.11395,   7.01213
 794.90485,  10.20358
1095.98365,  11.58605
 382.81990,   7.77495
 229.74775,   6.53412
  97.51771,   5.04729
 125.30025,   5.41846
  40.30580,   4.05470
  28.53953,   3.77141
  67.26544,   4.57623
  16.48421,   3.41052
  86.30244,   4.88258
  28.43030,   3.76853
  48.67059,   4.23139
  32.08380,   3.86205
  29.64154,   3.80017
   1.73380,   2.63835
   2.08202,   2.67386
   5.30529,   2.91604
  10.93846,   3.19864
   9.39785,   3.13060
   4.86358,   2.88847
   2.11527,   2.67709
   2.67830,   2.72836
  17.80884,   3.45555
  11.50277,   3.22236
   0.54126,   2.47480
   2.75740,   2.73512
   2.55124,   2.71731
   8.22923,   3.07517
   3.82071,   2.81790
   0.60386,   2.48645
   0.64798,   2.49430
   1.13781,   2.56796
   0.09378,   2.35392
   7.68374,   3.04795
   0.00283,   2.28270
   1.18261,   2.57381
   2.22693,   2.68776
   5.22379,   2.91104
   7.68760,   3.04815
   1.86643,   2.65226
   0.41022,   2.08744
   0.80387,   2.01535
   0.03194,   2.31803
   0.46470,   2.07584
   0.49394,   2.06990
   0.00122,   2.25789
   3.99099,   2.83003
   3.45347,   2.79080
   0.19679,   2.39258
   0.10527,   2.17640
   2.04538,   2.67027
   6.90499,   3.00736
   0.83467,   2.01057
   0.32873,   2.42910
   5.00091,   2.89717
  16.15956,   3.39921
   1.38788,   2.59932
   1.92506,   2.65825
   4.76411,   2.88209
  47.34453,   4.20446
  31.60358,   3.85008
  27.00763,   3.73050
  10.14644,   3.16431
  12.01953,   3.24356
   9.69907,   3.14432
  33.49668,   3.89678
 280.90443,   6.98526
  57.24256,   4.39731
  31.76518,   3.85412
 125.76512,   5.42430
  38.02265,   4.00335
  38.90903,   4.02347
  49.81328,   4.25431
  38.53195,   4.01494
 347.44359,   7.51433
  53.29264,   4.32252
  90.85363,   4.95064
 327.17108,   7.35896
 180.79385,   6.05239
 596.12587,   9.14007
1131.00953,  11.73378
 379.45260,   7.75068
1930.91117,  14.63623
 504.07899,   8.58726
1676.62354,  13.79307
1214.81591,  12.07823
  85.18140,   4.86554
 315.64608,   7.26849
1240.76152,  12.18244
 425.72049,   8.07534
 582.56653,   9.06146
 204.90164,   6.29683
1408.56090,  12.83162
 820.86803,  10.33214
