,Date,symbolid,Open,High,Low,Close,AdjClose,Volume
0,2014-09-19,BABA,92.7,99.7,89.95,93.89,93.89,271879400
1,2014-09-22,BABA,92.7,92.95,89.5,89.89,89.89,66657800
2,2014-09-23,BABA,88.94,90.48,86.62,87.17,87.17,39009800
3,2014-09-24,BABA,88.47,90.57,87.22,90.57,90.57,32088000
4,2014-09-25,BABA,91.09,91.5,88.5,88.92,88.92,28598000
5,2014-09-26,BABA,89.73,90.46,88.66,90.46,90.46,18340000
6,2014-09-29,BABA,89.62,89.7,88.02,88.75,88.75,25302000
7,2014-09-30,BABA,89.0,90.88,88.46,88.85,88.85,24419400
8,2014-10-01,BABA,88.7,88.94,86.04,86.1,86.1,24029600
9,2014-10-02,BABA,86.27,88.2,85.61,87.06,87.06,21469700
10,2014-10-03,BABA,88.1,89.94,87.65,88.1,88.1,18485700
11,2014-10-06,BABA,89.15,89.65,88.06,88.31,88.31,9268400
12,2014-10-07,BABA,87.95,89.7,87.06,87.67,87.67,12791700
13,2014-10-08,BABA,88.0,88.5,87.06,88.3,88.3,10252600
14,2014-10-09,BABA,88.51,90.35,88.0,88.79,88.79,21507000
15,2014-10-10,BABA,88.25,88.74,85.24,85.88,85.88,15431400
16,2014-10-13,BABA,86.85,86.89,84.92,85.12,85.12,14845000
17,2014-10-14,BABA,85.81,85.88,83.22,84.95,84.95,15559200
18,2014-10-15,BABA,84.04,86.49,82.81,85.6,85.6,16824300
19,2014-10-16,BABA,84.98,89.18,84.01,88.85,88.85,15232000
20,2014-10-17,BABA,90.4,90.9,87.67,87.91,87.91,17360700
21,2014-10-20,BABA,88.0,89.5,87.86,88.26,88.26,9891400
22,2014-10-21,BABA,89.1,92.5,88.5,90.9,90.9,23243800
23,2014-10-22,BABA,92.25,93.5,91.01,91.63,91.63,20364500
24,2014-10-23,BABA,92.92,94.7,92.82,94.45,94.45,20641000
25,2014-10-24,BABA,95.07,98.0,94.78,95.76,95.76,32132600
26,2014-10-27,BABA,97.0,98.85,96.3,97.79,97.79,28302400
27,2014-10-28,BABA,99.84,100.67,98.61,99.68,99.68,32127600
28,2014-10-29,BABA,99.88,100.0,96.82,98.31,98.31,28655400
29,2014-10-30,BABA,98.48,99.44,97.3,98.73,98.73,15484600
30,2014-10-31,BABA,100.1,100.22,98.14,98.6,98.6,18128300
31,2014-11-03,BABA,99.67,102.8,99.05,101.8,101.8,40883700
32,2014-11-04,BABA,100.43,106.36,99.51,106.07,106.07,67814000
33,2014-11-05,BABA,108.48,110.14,106.48,108.67,108.67,48344000
34,2014-11-06,BABA,109.3,111.7,107.21,111.57,111.57,33609000
35,2014-11-07,BABA,112.93,114.77,111.75,114.56,114.56,51457000
36,2014-11-10,BABA,117.27,119.45,115.2,119.15,119.15,75971000
37,2014-11-11,BABA,117.25,117.55,113.69,114.54,114.54,70983600
38,2014-11-12,BABA,115.05,119.07,114.02,118.2,118.2,53908000
39,2014-11-13,BABA,119.3,120.0,114.55,114.84,114.84,62163000
40,2014-11-14,BABA,115.06,115.39,113.35,115.1,115.1,29849000
41,2014-11-17,BABA,115.44,115.63,113.13,114.25,114.25,22573000
42,2014-11-18,BABA,114.33,114.38,110.41,110.81,110.81,41098000
43,2014-11-19,BABA,109.83,110.68,107.22,108.82,108.82,46841000
44,2014-11-20,BABA,107.81,112.44,107.26,109.82,109.82,36489000
45,2014-11-21,BABA,113.21,113.5,110.43,110.73,110.73,27432000
46,2014-11-24,BABA,112.0,113.93,111.55,113.92,113.92,20646000
47,2014-11-25,BABA,114.94,115.17,112.33,113.47,113.47,23485000
48,2014-11-26,BABA,113.33,113.74,112.33,112.67,112.67,11794700
49,2014-11-28,BABA,113.14,113.23,111.11,111.64,111.64,8077800
50,2014-12-01,BABA,110.02,110.05,103.9,105.99,105.99,38464200
51,2014-12-02,BABA,107.35,110.0,106.61,109.89,109.89,18785000
52,2014-12-03,BABA,110.4,111.68,108.8,110.64,110.64,16221100
53,2014-12-04,BABA,110.1,110.5,108.91,109.17,109.17,10779300
54,2014-12-05,BABA,109.6,110.35,107.76,107.9,107.9,12148100
55,2014-12-08,BABA,105.97,107.4,104.21,105.07,105.07,19217300
56,2014-12-09,BABA,102.27,107.95,101.2,107.48,107.48,24866800
57,2014-12-10,BABA,107.09,107.38,103.51,103.88,103.88,18466700
58,2014-12-11,BABA,104.44,106.84,104.29,104.97,104.97,15684300
59,2014-12-12,BABA,104.7,107.45,104.18,105.11,105.11,14537600
60,2014-12-15,BABA,106.39,107.77,103.7,104.7,104.7,16521800
61,2014-12-16,BABA,103.75,107.68,103.7,105.77,105.77,21700600
62,2014-12-17,BABA,107.11,109.19,106.28,109.02,109.02,17311100
63,2014-12-18,BABA,110.58,111.2,108.26,109.25,109.25,22788100
64,2014-12-19,BABA,109.93,110.65,108.04,110.65,110.65,14857800
65,2014-12-22,BABA,110.63,110.98,108.53,108.77,108.77,13041200
66,2014-12-23,BABA,108.3,108.47,103.88,105.52,105.52,19096300
67,2014-12-24,BABA,105.68,107.21,105.6,105.95,105.95,5870400
68,2014-12-26,BABA,105.99,106.94,105.5,105.95,105.95,6529100
69,2014-12-29,BABA,105.95,107.66,105.64,105.98,105.98,8068600
70,2014-12-30,BABA,105.64,106.71,105.13,105.75,105.75,10205700
71,2014-12-31,BABA,106.46,106.47,103.69,103.94,103.94,10221600
72,2015-01-02,BABA,104.24,104.72,102.52,103.6,103.6,12303400
73,2015-01-05,BABA,102.76,103.02,99.9,101.0,101.0,18337000
74,2015-01-06,BABA,101.25,103.85,100.11,103.32,103.32,15720400
75,2015-01-07,BABA,104.59,104.74,102.03,102.13,102.13,11052200
76,2015-01-08,BABA,102.95,105.34,102.68,105.03,105.03,12942100
77,2015-01-09,BABA,105.24,105.3,102.89,103.02,103.02,10222200
78,2015-01-12,BABA,103.2,103.36,101.21,101.62,101.62,7997200
79,2015-01-13,BABA,102.59,102.85,100.01,100.77,100.77,11294400
80,2015-01-14,BABA,99.28,100.18,98.06,99.58,99.58,17808000
81,2015-01-15,BABA,99.67,100.14,96.02,96.31,96.31,18260100
82,2015-01-16,BABA,96.09,97.8,95.52,96.89,96.89,13327900
83,2015-01-20,BABA,98.3,100.21,97.59,100.04,100.04,12105600
84,2015-01-21,BABA,100.75,103.86,100.32,103.29,103.29,15186900
85,2015-01-22,BABA,104.6,104.92,103.1,104.0,104.0,11433000
86,2015-01-23,BABA,104.02,105.2,103.02,103.11,103.11,9873800
87,2015-01-26,BABA,104.4,105.13,103.33,103.99,103.99,10664900
88,2015-01-27,BABA,102.89,103.57,100.58,102.94,102.94,15659900
89,2015-01-28,BABA,100.3,101.49,97.79,98.45,98.45,42144700
90,2015-01-29,BABA,90.53,90.74,87.36,89.81,89.81,76561400
91,2015-01-30,BABA,89.6,92.0,88.11,89.08,89.08,36806900
92,2015-02-02,BABA,91.13,91.66,88.61,90.13,90.13,18865300
93,2015-02-03,BABA,91.65,91.65,89.9,90.61,90.61,13512300
94,2015-02-04,BABA,90.99,91.88,89.48,90.0,90.0,14643600
95,2015-02-05,BABA,89.58,89.84,86.1,87.0,87.0,28926200
96,2015-02-06,BABA,87.11,87.4,85.42,85.68,85.68,17632100
97,2015-02-09,BABA,85.83,86.75,85.47,86.0,86.0,12109500
98,2015-02-10,BABA,87.01,87.47,86.52,87.26,87.26,12043300
99,2015-02-11,BABA,87.58,87.7,85.82,86.0,86.0,12391900
100,2015-02-12,BABA,85.6,88.3,85.55,87.1,87.1,15177800
101,2015-02-13,BABA,88.2,89.3,87.65,89.05,89.05,14665200
102,2015-02-17,BABA,88.78,88.99,86.7,86.85,86.85,15191700
103,2015-02-18,BABA,87.1,87.43,86.5,86.74,86.74,7422300
104,2015-02-19,BABA,86.81,87.87,86.71,86.89,86.89,7604100
105,2015-02-20,BABA,87.25,87.29,86.38,86.64,86.64,7821700
106,2015-02-23,BABA,86.51,86.68,85.25,85.47,85.47,9367900
107,2015-02-24,BABA,85.53,85.53,83.88,84.69,84.69,15846400
108,2015-02-25,BABA,84.38,86.83,84.36,86.19,86.19,13645700
109,2015-02-26,BABA,86.92,87.16,85.2,85.37,85.37,8763300
110,2015-02-27,BABA,85.95,86.56,85.0,85.12,85.12,8377200
111,2015-03-02,BABA,85.0,85.02,83.75,84.0,84.0,11213400
112,2015-03-03,BABA,82.95,83.25,80.03,81.58,81.58,39246100
113,2015-03-04,BABA,80.27,85.83,80.17,85.49,85.49,36607200
114,2015-03-05,BABA,85.75,86.27,84.01,86.1,86.1,18514800
115,2015-03-06,BABA,85.74,86.0,84.05,84.4,84.4,10673700
116,2015-03-09,BABA,84.35,84.35,81.48,82.53,82.53,17616500
117,2015-03-10,BABA,81.09,83.15,80.65,82.97,82.97,13817000
118,2015-03-11,BABA,83.0,83.38,81.19,81.99,81.99,12768700
119,2015-03-12,BABA,82.1,82.9,81.53,81.92,81.92,11232000
120,2015-03-13,BABA,81.8,81.92,80.77,81.86,81.86,12663300
121,2015-03-16,BABA,82.01,85.2,81.94,84.0,84.0,16905700
122,2015-03-17,BABA,84.01,85.1,83.51,84.5,84.5,17639000
123,2015-03-18,BABA,83.87,85.95,83.3,84.59,84.59,35663000
124,2015-03-19,BABA,85.11,87.04,85.0,85.74,85.74,30454700
125,2015-03-20,BABA,86.33,86.8,85.09,85.2,85.2,21181500
126,2015-03-23,BABA,85.25,85.53,84.21,84.25,84.25,11184000
127,2015-03-24,BABA,84.35,84.5,82.39,83.63,83.63,14545100
128,2015-03-25,BABA,83.94,84.48,82.67,83.75,83.75,13507200
129,2015-03-26,BABA,83.2,85.0,82.96,84.17,84.17,12208000
130,2015-03-27,BABA,84.78,85.15,83.34,84.58,84.58,9703800
131,2015-03-30,BABA,85.03,85.15,83.75,83.9,83.9,10020500
132,2015-03-31,BABA,83.64,84.45,83.2,83.24,83.24,11812900
133,2015-04-01,BABA,83.37,83.72,82.18,82.36,82.36,14896400
134,2015-04-02,BABA,82.88,83.0,81.25,82.28,82.28,19868200
135,2015-04-06,BABA,82.05,82.59,81.61,81.82,81.82,12810500
136,2015-04-07,BABA,81.94,82.95,81.88,82.21,82.21,9443000
137,2015-04-08,BABA,83.3,85.54,83.07,85.39,85.39,26161500
138,2015-04-09,BABA,87.03,87.69,85.2,86.14,86.14,27800400
139,2015-04-10,BABA,86.68,86.69,84.15,84.58,84.58,18300300
140,2015-04-13,BABA,85.16,85.71,83.82,84.28,84.28,15797100
141,2015-04-14,BABA,84.63,85.13,83.53,85.0,85.0,11819000
142,2015-04-15,BABA,85.08,85.36,84.16,84.67,84.67,12225800
143,2015-04-16,BABA,85.15,85.4,83.89,84.06,84.06,12048600
144,2015-04-17,BABA,83.08,83.25,81.61,81.9,81.9,22791800
145,2015-04-20,BABA,82.25,82.69,81.52,82.2,82.2,13471000
146,2015-04-21,BABA,82.86,82.92,82.14,82.42,82.42,10056000
147,2015-04-22,BABA,82.78,82.84,81.52,82.05,82.05,13316900
148,2015-04-23,BABA,81.88,82.75,81.62,82.28,82.28,11483300
149,2015-04-24,BABA,82.88,84.99,82.8,84.57,84.57,21058400
150,2015-04-27,BABA,85.53,86.27,84.65,84.9,84.9,17434200
151,2015-04-28,BABA,85.54,85.57,83.82,85.08,85.08,11110500
152,2015-04-29,BABA,84.06,84.4,81.64,82.45,82.45,21098000
153,2015-04-30,BABA,82.22,82.65,80.44,81.29,81.29,14209700
154,2015-05-01,BABA,81.03,82.25,80.11,81.17,81.17,17910500
155,2015-05-04,BABA,81.17,81.56,80.12,80.59,80.59,21551500
156,2015-05-05,BABA,80.44,80.9,77.77,79.54,79.54,32661900
157,2015-05-06,BABA,79.65,80.85,79.51,80.0,80.0,24953500
158,2015-05-07,BABA,88.83,89.29,84.91,86.0,86.0,69448800
159,2015-05-08,BABA,87.82,88.27,86.89,87.06,87.06,30140600
160,2015-05-11,BABA,86.7,87.67,86.06,86.72,86.72,19776900
161,2015-05-12,BABA,87.05,87.5,86.14,86.77,86.77,16077800
162,2015-05-13,BABA,87.08,88.47,87.0,87.53,87.53,19015900
163,2015-05-14,BABA,87.74,88.48,87.53,88.4,88.4,12087900
164,2015-05-15,BABA,88.51,88.96,88.05,88.46,88.46,13424600
165,2015-05-18,BABA,87.61,87.93,86.61,87.11,87.11,13490200
166,2015-05-19,BABA,86.99,88.8,86.47,88.21,88.21,20727700
167,2015-05-20,BABA,88.14,90.8,87.3,90.7,90.7,29812300
168,2015-05-21,BABA,91.35,94.77,90.92,93.88,93.88,40729400
169,2015-05-22,BABA,94.28,95.06,93.19,93.27,93.27,22183300
170,2015-05-26,BABA,93.65,93.92,91.55,92.52,92.52,15674900
171,2015-05-27,BABA,92.22,92.99,91.6,92.6,92.6,9519300
172,2015-05-28,BABA,91.69,91.93,90.58,90.95,90.95,14213000
173,2015-05-29,BABA,91.35,91.5,89.32,89.32,89.32,13893200
174,2015-06-01,BABA,90.09,90.99,89.49,90.78,90.78,9905900
175,2015-06-02,BABA,90.55,91.54,90.19,90.51,90.51,9865300
176,2015-06-03,BABA,90.51,91.04,89.9,90.79,90.79,9428000
177,2015-06-04,BABA,90.71,91.41,90.27,90.59,90.59,8689000
178,2015-06-05,BABA,90.46,91.6,90.46,90.71,90.71,11353900
179,2015-06-08,BABA,90.65,91.6,88.24,88.29,88.29,15603000
180,2015-06-09,BABA,88.04,88.18,86.12,87.58,87.58,16081800
181,2015-06-10,BABA,87.7,88.99,87.2,88.9,88.9,12551300
182,2015-06-11,BABA,89.03,89.48,87.1,87.21,87.21,13716200
183,2015-06-12,BABA,87.42,87.79,86.48,86.63,86.63,9977100
184,2015-06-15,BABA,86.3,87.17,86.05,86.12,86.12,10230400
185,2015-06-16,BABA,86.0,86.7,85.61,86.09,86.09,10974200
186,2015-06-17,BABA,86.58,87.8,86.48,86.8,86.8,10241500
187,2015-06-18,BABA,86.97,87.59,86.32,86.75,86.75,11737200
188,2015-06-19,BABA,86.51,86.6,85.17,85.74,85.74,10317000
189,2015-06-22,BABA,86.07,86.4,85.58,85.68,85.68,7154200
190,2015-06-23,BABA,85.98,86.34,84.83,85.08,85.08,11411300
191,2015-06-24,BABA,85.16,85.81,84.85,85.17,85.17,9434300
192,2015-06-25,BABA,85.47,85.6,84.9,85.24,85.24,8949800
193,2015-06-26,BABA,84.63,84.65,82.82,83.28,83.28,12668600
194,2015-06-29,BABA,83.28,83.28,80.8,81.07,81.07,15199800
195,2015-06-30,BABA,82.58,83.69,81.96,82.27,82.27,12551400
196,2015-07-01,BABA,82.6,83.0,81.99,82.46,82.46,5950000
197,2015-07-02,BABA,82.12,82.32,81.78,82.07,82.07,6760200
198,2015-07-06,BABA,80.56,81.5,80.12,80.23,80.23,11864200
199,2015-07-07,BABA,79.45,79.79,76.21,79.62,79.62,34221700
200,2015-07-08,BABA,76.58,78.79,76.22,77.94,77.94,22714900
201,2015-07-09,BABA,80.93,81.19,79.04,79.04,79.04,19778700
202,2015-07-10,BABA,81.13,81.2,79.84,80.3,80.3,11224500
203,2015-07-13,BABA,80.92,82.2,80.7,81.86,81.86,10350500
204,2015-07-14,BABA,81.58,82.02,81.13,81.5,81.5,7519300
205,2015-07-15,BABA,80.9,81.5,80.21,80.73,80.73,9514200
206,2015-07-16,BABA,81.39,82.0,80.9,81.53,81.53,8604500
207,2015-07-17,BABA,81.99,83.7,81.58,83.36,83.36,14505400
208,2015-07-20,BABA,83.56,83.68,82.05,82.67,82.67,8126100
209,2015-07-21,BABA,83.11,83.25,82.22,82.54,82.54,5750700
210,2015-07-22,BABA,82.16,84.75,82.0,84.15,84.15,11209200
211,2015-07-23,BABA,84.66,84.97,83.25,83.88,83.88,7452300
212,2015-07-24,BABA,85.17,85.38,82.65,83.02,83.02,8759900
213,2015-07-27,BABA,80.85,81.7,79.68,81.4,81.4,12185700
214,2015-07-28,BABA,80.67,80.8,79.25,80.56,80.56,12122800
215,2015-07-29,BABA,80.98,81.37,80.01,80.26,80.26,7177100
216,2015-07-30,BABA,80.11,80.64,79.45,79.96,79.96,6934700
217,2015-07-31,BABA,79.85,79.9,78.2,78.34,78.34,12687000
218,2015-08-03,BABA,78.2,78.5,77.11,77.99,77.99,9277000
219,2015-08-04,BABA,78.07,79.35,77.8,78.87,78.87,8501200
220,2015-08-05,BABA,79.59,80.42,79.48,79.82,79.82,7502600
221,2015-08-06,BABA,79.85,80.75,78.64,78.96,78.96,9297800
222,2015-08-07,BABA,79.65,80.2,78.66,78.82,78.82,8738800
223,2015-08-10,BABA,79.86,80.99,79.5,80.47,80.47,11276700
224,2015-08-11,BABA,79.48,80.0,76.15,77.34,77.34,22976600
225,2015-08-12,BABA,72.32,73.85,71.03,73.38,73.38,41093200
226,2015-08-13,BABA,74.0,76.73,73.66,75.11,75.11,23230700
227,2015-08-14,BABA,74.53,75.49,74.46,74.76,74.76,12367300
228,2015-08-17,BABA,74.85,75.24,74.16,75.19,75.19,12677400
229,2015-08-18,BABA,74.05,75.13,73.73,73.88,73.88,11155100
230,2015-08-19,BABA,73.15,73.56,72.81,73.12,73.12,18179400
231,2015-08-20,BABA,71.98,72.78,70.03,70.32,70.32,20995600
232,2015-08-21,BABA,69.32,70.66,68.18,68.18,68.18,29128600
233,2015-08-24,BABA,58.16,65.8,58.0,65.8,65.8,31376400
234,2015-08-25,BABA,68.84,70.33,67.49,68.57,68.57,29948400
235,2015-08-26,BABA,68.95,69.45,65.75,68.66,68.66,26389200
236,2015-08-27,BABA,70.84,71.59,70.02,70.84,70.84,18123800
237,2015-08-28,BABA,69.68,70.5,69.04,70.07,70.07,10604600
238,2015-08-31,BABA,69.18,69.3,66.02,66.12,66.12,18479900
239,2015-09-01,BABA,64.38,66.84,64.05,64.83,64.83,23460900
240,2015-09-02,BABA,65.69,66.0,64.97,65.54,65.54,13376300
241,2015-09-03,BABA,65.82,66.89,65.41,66.47,66.47,15803200
242,2015-09-04,BABA,65.4,65.57,63.34,63.91,63.91,18186400
243,2015-09-08,BABA,65.78,66.81,60.25,60.91,60.91,50328400
244,2015-09-09,BABA,62.73,64.67,62.53,64.04,64.04,33147900
245,2015-09-10,BABA,63.52,64.25,63.34,63.83,63.83,13281600
246,2015-09-11,BABA,63.37,64.79,62.7,64.63,64.63,17747000
247,2015-09-14,BABA,62.55,63.26,61.48,62.6,62.6,26763300
248,2015-09-15,BABA,61.45,65.36,61.11,64.85,64.85,29035000
249,2015-09-16,BABA,65.61,68.08,65.26,67.23,67.23,25801000
250,2015-09-17,BABA,66.41,66.65,65.6,66.0,66.0,16594600
251,2015-09-18,BABA,65.4,65.75,64.01,65.75,65.75,20127300
252,2015-09-21,BABA,65.38,66.4,62.96,63.9,63.9,22355100
253,2015-09-22,BABA,62.94,63.27,61.58,61.9,61.9,14897900
254,2015-09-23,BABA,61.96,62.3,59.68,60.0,60.0,22684600
255,2015-09-24,BABA,59.42,60.34,58.21,59.92,59.92,20645700
256,2015-09-25,BABA,60.63,60.84,58.92,59.24,59.24,17009100
257,2015-09-28,BABA,58.81,60.12,57.31,57.39,57.39,20661600
258,2015-09-29,BABA,57.3,58.65,57.2,57.82,57.82,16771000
259,2015-09-30,BABA,58.87,60.08,58.35,58.97,58.97,16767100
260,2015-10-01,BABA,59.5,59.83,58.23,58.87,58.87,8147700
261,2015-10-02,BABA,58.36,63.24,58.2,63.2,63.2,22356300
262,2015-10-05,BABA,63.47,64.78,62.2,63.93,63.93,13583500
263,2015-10-06,BABA,63.72,64.73,63.28,63.92,63.92,9620900
264,2015-10-07,BABA,64.84,66.66,64.38,66.28,66.28,15770100
265,2015-10-08,BABA,66.04,68.41,65.96,67.7,67.7,18667500
266,2015-10-09,BABA,67.7,69.45,67.31,68.71,68.71,14762900
267,2015-10-12,BABA,69.64,70.47,69.0,70.3,70.3,15549100
268,2015-10-13,BABA,69.49,70.32,68.38,69.68,69.68,13052800
269,2015-10-14,BABA,69.5,69.7,67.43,68.54,68.54,12286100
270,2015-10-15,BABA,69.34,72.44,69.26,71.78,71.78,18203000
271,2015-10-16,BABA,72.5,73.64,71.21,71.99,71.99,15953500
272,2015-10-19,BABA,71.8,73.0,71.52,72.65,72.65,10886900
273,2015-10-20,BABA,72.99,73.0,71.55,71.79,71.79,11093400
274,2015-10-21,BABA,71.79,71.79,68.89,69.48,69.48,16800200
275,2015-10-22,BABA,70.16,71.63,70.07,70.99,70.99,10811400
276,2015-10-23,BABA,73.98,75.76,72.84,75.62,75.62,22510800
277,2015-10-26,BABA,75.44,77.42,75.13,76.35,76.35,24819700
278,2015-10-27,BABA,76.35,82.79,76.35,79.44,79.44,50815800
279,2015-10-28,BABA,79.48,82.54,79.2,82.35,82.35,25027100
280,2015-10-29,BABA,81.97,82.53,80.82,82.22,82.22,16431700
281,2015-10-30,BABA,82.7,84.44,82.6,83.83,83.83,20740500
282,2015-11-02,BABA,83.52,84.83,82.75,84.35,84.35,13827400
283,2015-11-03,BABA,84.0,84.59,83.13,83.44,83.44,11641300
284,2015-11-04,BABA,84.45,85.6,84.03,85.4,85.4,23728500
285,2015-11-05,BABA,85.22,86.42,84.2,85.38,85.38,20657200
286,2015-11-06,BABA,85.53,86.35,80.77,83.61,83.61,38531000
287,2015-11-09,BABA,83.44,83.47,80.22,81.38,81.38,19091500
288,2015-11-10,BABA,81.1,82.43,79.62,81.43,81.43,22004400
289,2015-11-11,BABA,82.28,82.49,78.12,79.85,79.85,29636600
290,2015-11-12,BABA,78.99,80.5,78.45,78.76,78.76,18839800
291,2015-11-13,BABA,77.15,78.0,75.64,75.85,75.85,24235500
292,2015-11-16,BABA,75.83,78.75,75.77,78.3,78.3,17045500
293,2015-11-17,BABA,78.9,79.14,77.47,78.13,78.13,12471400
294,2015-11-18,BABA,78.25,78.31,76.15,77.69,77.69,16735400
295,2015-11-19,BABA,78.06,79.15,77.4,77.87,77.87,15692700
296,2015-11-20,BABA,78.44,80.79,78.4,79.95,79.95,21025800
297,2015-11-23,BABA,80.45,82.19,79.97,81.31,81.31,18766400
298,2015-11-24,BABA,80.85,81.11,79.27,80.86,80.86,15283600
299,2015-11-25,BABA,80.91,82.68,80.82,81.71,81.71,16330900
300,2015-11-27,BABA,80.57,81.41,79.28,81.38,81.38,12599900
301,2015-11-30,BABA,81.5,84.47,81.38,84.08,84.08,97914100
302,2015-12-01,BABA,83.77,84.39,83.5,84.0,84.0,26235500
303,2015-12-02,BABA,84.27,85.82,84.25,85.0,85.0,36611500
304,2015-12-03,BABA,85.05,85.1,82.1,82.59,82.59,23029200
305,2015-12-04,BABA,82.58,85.0,82.42,84.85,84.85,15555000
306,2015-12-07,BABA,84.8,85.13,84.2,84.76,84.76,11875500
307,2015-12-08,BABA,82.77,84.67,82.61,84.38,84.38,14667400
308,2015-12-09,BABA,84.37,85.2,82.97,83.42,83.42,21919200
309,2015-12-10,BABA,83.34,84.34,82.85,84.33,84.33,10474700
310,2015-12-11,BABA,82.85,83.05,79.42,79.74,79.74,20793600
311,2015-12-14,BABA,80.15,80.76,78.99,80.57,80.57,12077700
312,2015-12-15,BABA,81.06,83.39,80.9,82.49,82.49,13054800
313,2015-12-16,BABA,83.3,85.05,83.0,84.63,84.63,16575600
314,2015-12-17,BABA,85.0,85.32,82.85,83.56,83.56,13003000
315,2015-12-18,BABA,83.2,83.75,82.03,82.65,82.65,12168700
316,2015-12-21,BABA,83.15,83.73,82.43,82.87,82.87,8094600
317,2015-12-22,BABA,82.89,85.1,82.89,84.84,84.84,12778200
318,2015-12-23,BABA,85.05,85.09,83.72,84.8,84.8,11238500
319,2015-12-24,BABA,84.56,84.8,83.41,83.71,83.71,3775300
320,2015-12-28,BABA,82.56,82.75,81.52,82.14,82.14,9319400
321,2015-12-29,BABA,82.5,83.51,82.41,83.26,83.26,6942700
322,2015-12-30,BABA,82.95,83.11,81.5,81.68,81.68,6984300
323,2015-12-31,BABA,81.48,82.17,81.25,81.27,81.27,6744500
324,2016-01-04,BABA,78.18,78.31,75.18,76.69,76.69,23066300
325,2016-01-05,BABA,77.92,78.68,77.26,78.63,78.63,14258900
326,2016-01-06,BABA,77.12,78.49,76.97,77.33,77.33,11569300
327,2016-01-07,BABA,73.29,75.5,71.54,72.72,72.72,27288100
328,2016-01-08,BABA,74.33,74.66,70.67,70.8,70.8,20814600
329,2016-01-11,BABA,71.29,71.73,69.02,69.92,69.92,16961400
330,2016-01-12,BABA,71.45,72.77,71.0,72.68,72.68,13456000
331,2016-01-13,BABA,72.77,73.24,70.22,70.29,70.29,12480200
332,2016-01-14,BABA,70.29,72.72,68.27,72.25,72.25,17719600
333,2016-01-15,BABA,68.7,71.0,67.54,69.59,69.59,20722500
334,2016-01-19,BABA,71.94,72.31,69.81,70.13,70.13,17421700
335,2016-01-20,BABA,68.03,69.11,65.34,68.71,68.71,19464400
336,2016-01-21,BABA,68.78,71.65,67.14,70.72,70.72,16576500
337,2016-01-22,BABA,72.51,73.34,69.89,70.37,70.37,15834700
338,2016-01-25,BABA,70.8,70.8,69.02,69.72,69.72,14782800
339,2016-01-26,BABA,69.01,70.19,68.88,69.77,69.77,11473300
340,2016-01-27,BABA,69.96,71.42,68.75,69.54,69.54,18257600
341,2016-01-28,BABA,72.55,73.15,66.67,66.92,66.92,33165100
342,2016-01-29,BABA,67.98,68.93,65.4,67.03,67.03,25594700
343,2016-02-01,BABA,66.5,67.7,65.35,67.03,67.03,16213800
344,2016-02-02,BABA,67.05,67.74,64.66,65.09,65.09,19150800
345,2016-02-03,BABA,65.6,65.73,60.87,63.44,63.44,31918600
346,2016-02-04,BABA,64.33,65.72,63.1,64.86,64.86,22911500
347,2016-02-05,BABA,64.71,64.86,62.18,62.64,62.64,12842800
348,2016-02-08,BABA,60.9,62.05,60.45,61.1,61.1,16157900
349,2016-02-09,BABA,60.11,62.22,59.25,61.39,61.39,12738300
350,2016-02-10,BABA,61.9,63.09,60.87,61.78,61.78,8998600
351,2016-02-11,BABA,60.25,61.63,59.85,60.57,60.57,15008500
352,2016-02-12,BABA,61.27,62.78,60.28,60.89,60.89,13669600
353,2016-02-16,BABA,64.42,66.89,64.04,66.29,66.29,21735400
354,2016-02-17,BABA,67.3,67.39,65.68,66.38,66.38,14457100
355,2016-02-18,BABA,67.0,68.5,66.23,66.52,66.52,14547800
356,2016-02-19,BABA,66.8,67.75,66.09,67.28,67.28,12334900
357,2016-02-22,BABA,68.3,69.53,67.98,68.84,68.84,13405400
358,2016-02-23,BABA,68.5,68.66,66.46,66.97,66.97,12930600
359,2016-02-24,BABA,66.17,67.69,65.21,67.23,67.23,10781500
360,2016-02-25,BABA,65.67,66.72,64.66,66.66,66.66,14686100
361,2016-02-26,BABA,68.09,68.83,66.86,66.91,66.91,12084100
362,2016-02-29,BABA,67.64,70.58,67.56,68.81,68.81,17984200
363,2016-03-01,BABA,70.02,71.84,69.86,70.86,70.86,14007700
364,2016-03-02,BABA,72.04,72.04,70.75,71.25,71.25,10503000
365,2016-03-03,BABA,71.31,72.59,70.46,71.02,71.02,11596400
366,2016-03-04,BABA,70.96,72.96,70.72,72.22,72.22,10763600
367,2016-03-07,BABA,72.2,73.98,72.0,72.89,72.89,11244500
368,2016-03-08,BABA,72.4,72.65,70.96,71.07,71.07,8670700
369,2016-03-09,BABA,71.59,72.61,70.68,72.43,72.43,7283400
370,2016-03-10,BABA,72.5,73.05,70.61,71.97,71.97,11247900
371,2016-03-11,BABA,72.58,74.01,72.22,74.01,74.01,11219200
372,2016-03-14,BABA,74.01,74.42,72.89,73.35,73.35,11069800
373,2016-03-15,BABA,72.62,72.84,71.75,72.23,72.23,8373700
374,2016-03-16,BABA,72.01,73.66,71.86,73.5,73.5,7701200
375,2016-03-17,BABA,73.76,74.37,73.51,74.25,74.25,9423900
376,2016-03-18,BABA,74.97,76.3,74.71,76.25,76.25,13350100
377,2016-03-21,BABA,77.09,79.68,76.94,78.11,78.11,15493300
378,2016-03-22,BABA,77.0,78.55,76.91,78.18,78.18,9148400
379,2016-03-23,BABA,78.16,78.98,76.15,76.56,76.56,10806800
380,2016-03-24,BABA,75.15,76.15,73.53,75.86,75.86,8833400
381,2016-03-28,BABA,76.45,76.89,74.9,76.48,76.48,6082100
382,2016-03-29,BABA,75.6,78.24,75.57,78.08,78.08,12535000
383,2016-03-30,BABA,79.01,79.55,78.54,78.86,78.86,10696000
384,2016-03-31,BABA,78.5,79.84,78.41,79.03,79.03,11318500
385,2016-04-01,BABA,78.24,79.02,78.2,78.73,78.73,9262200
386,2016-04-04,BABA,78.33,79.55,78.32,79.08,79.08,9817300
387,2016-04-05,BABA,78.2,78.3,76.91,77.32,77.32,9603900
388,2016-04-06,BABA,77.3,79.15,77.19,78.68,78.68,9071900
389,2016-04-07,BABA,77.6,78.6,77.18,77.61,77.61,10937900
390,2016-04-08,BABA,78.27,78.76,76.62,77.47,77.47,8401200
391,2016-04-11,BABA,78.07,78.59,77.43,77.71,77.71,7896500
392,2016-04-12,BABA,78.0,78.24,76.87,77.86,77.86,7115400
393,2016-04-13,BABA,78.74,79.72,78.5,79.64,79.64,14150900
394,2016-04-14,BABA,79.31,79.86,78.36,79.61,79.61,12611500
395,2016-04-15,BABA,79.45,79.75,78.46,78.97,78.97,11709100
396,2016-04-18,BABA,78.52,79.12,77.71,79.01,79.01,7767000
397,2016-04-19,BABA,79.2,80.48,78.47,79.46,79.46,14742000
398,2016-04-20,BABA,79.0,81.74,78.99,81.21,81.21,14911900
399,2016-04-21,BABA,81.08,81.78,80.2,80.78,80.78,8819000
400,2016-04-22,BABA,80.12,81.44,79.15,79.89,79.89,8649300
401,2016-04-25,BABA,79.8,79.84,78.68,78.84,78.84,9207600
402,2016-04-26,BABA,78.85,79.56,77.8,78.61,78.61,9632700
403,2016-04-27,BABA,78.3,78.62,76.57,77.65,77.65,11491900
404,2016-04-28,BABA,77.65,77.9,76.09,76.4,76.4,9959900
405,2016-04-29,BABA,76.81,77.28,75.66,76.94,76.94,10124300
406,2016-05-02,BABA,76.89,77.0,75.94,76.61,76.61,7718100
407,2016-05-03,BABA,75.96,76.27,75.43,75.91,75.91,8019200
408,2016-05-04,BABA,75.64,75.91,75.01,75.82,75.82,14326600
409,2016-05-05,BABA,79.52,79.94,78.1,78.83,78.83,27950900
410,2016-05-06,BABA,78.35,79.72,78.25,79.2,79.2,12862100
411,2016-05-09,BABA,78.94,79.98,78.89,79.41,79.41,11795800
412,2016-05-10,BABA,79.79,79.98,79.15,79.72,79.72,9319700
413,2016-05-11,BABA,79.43,80.49,79.41,79.8,79.8,11072500
414,2016-05-12,BABA,80.01,80.45,78.32,79.16,79.16,8791400
415,2016-05-13,BABA,78.82,79.16,76.97,77.16,77.16,10078000
416,2016-05-16,BABA,77.86,79.93,77.59,79.29,79.29,11661000
417,2016-05-17,BABA,79.83,80.2,79.31,79.35,79.35,10970700
418,2016-05-18,BABA,78.71,80.0,78.47,79.03,79.03,9085800
419,2016-05-19,BABA,78.65,79.26,77.6,78.32,78.32,8317500
420,2016-05-20,BABA,78.32,79.45,78.32,78.79,78.79,11043900
421,2016-05-23,BABA,78.95,79.5,78.6,79.0,79.0,7187500
422,2016-05-24,BABA,79.17,81.31,79.07,81.12,81.12,16707700
423,2016-05-25,BABA,78.53,79.2,74.12,75.59,75.59,49606600
424,2016-05-26,BABA,75.59,78.86,75.59,78.35,78.35,26968600
425,2016-05-27,BABA,78.49,81.0,78.39,80.97,80.97,24552900
426,2016-05-31,BABA,81.0,82.03,80.2,82.0,82.0,78861400
427,2016-06-01,BABA,82.0,82.0,76.55,76.69,76.69,62531500
428,2016-06-02,BABA,76.65,77.75,76.56,77.3,77.3,45379500
429,2016-06-03,BABA,77.24,77.8,75.71,76.62,76.62,23685700
430,2016-06-06,BABA,77.11,78.33,76.7,78.06,78.06,19166100
431,2016-06-07,BABA,78.19,78.37,77.32,77.84,77.84,12878000
432,2016-06-08,BABA,78.0,78.53,77.38,77.64,77.64,11614100
433,2016-06-09,BABA,77.39,78.07,76.78,77.56,77.56,8994400
434,2016-06-10,BABA,76.43,77.05,75.76,75.92,75.92,10421100
435,2016-06-13,BABA,75.25,76.46,74.85,75.45,75.45,11300800
436,2016-06-14,BABA,76.89,78.45,76.75,77.77,77.77,22358900
437,2016-06-15,BABA,78.31,78.77,77.51,78.39,78.39,14734800
438,2016-06-16,BABA,77.84,78.4,76.2,78.27,78.27,13570700
439,2016-06-17,BABA,78.45,78.45,76.48,77.0,77.0,15582600
440,2016-06-20,BABA,77.9,78.79,77.84,78.15,78.15,9625600
441,2016-06-21,BABA,78.75,79.08,78.4,78.62,78.62,8881800
442,2016-06-22,BABA,79.04,79.12,78.21,78.73,78.73,8170900
443,2016-06-23,BABA,79.16,79.46,78.55,79.14,79.14,8279500
444,2016-06-24,BABA,76.83,77.5,75.43,76.29,76.29,18224800
445,2016-06-27,BABA,75.8,75.97,73.3,74.23,74.23,15131300
446,2016-06-28,BABA,75.5,76.6,75.5,76.28,76.28,11266200
447,2016-06-29,BABA,76.98,78.48,76.9,78.04,78.04,11460000
448,2016-06-30,BABA,78.31,79.76,78.28,79.53,79.53,12485300
449,2016-07-01,BABA,79.12,80.05,79.12,79.65,79.65,7271300
450,2016-07-05,BABA,79.04,79.55,78.37,78.97,78.97,6845200
451,2016-07-06,BABA,78.47,78.82,77.68,78.64,78.64,7737600
452,2016-07-07,BABA,79.0,79.49,78.71,79.35,79.35,6819200
453,2016-07-08,BABA,78.44,79.35,77.8,78.99,78.99,14029100
454,2016-07-11,BABA,79.33,81.9,79.24,81.46,81.46,17417500
455,2016-07-12,BABA,81.79,82.88,81.51,81.74,81.74,15294100
456,2016-07-13,BABA,81.83,81.88,80.37,80.57,80.57,10739200
457,2016-07-14,BABA,81.18,82.24,80.86,81.74,81.74,9361500
458,2016-07-15,BABA,81.78,82.49,80.96,81.25,81.25,8919900
459,2016-07-18,BABA,80.6,82.79,80.6,82.65,82.65,12113600
460,2016-07-19,BABA,82.48,83.69,82.05,82.77,82.77,9799400
461,2016-07-20,BABA,83.27,84.7,83.23,84.42,84.42,13991000
462,2016-07-21,BABA,84.71,85.0,83.66,84.18,84.18,10163500
463,2016-07-22,BABA,84.0,84.5,83.81,84.49,84.49,5988400
464,2016-07-25,BABA,84.47,84.79,82.61,83.19,83.19,13185900
465,2016-07-26,BABA,82.86,83.63,82.63,83.59,83.59,7714700
466,2016-07-27,BABA,83.6,83.64,83.0,83.1,83.1,11629000
467,2016-07-28,BABA,83.46,83.49,82.12,83.12,83.12,7476500
468,2016-07-29,BABA,83.37,83.42,81.94,82.48,82.48,8709300
469,2016-08-01,BABA,82.79,84.8,82.59,84.34,84.34,13401200
470,2016-08-02,BABA,84.34,84.34,82.91,83.8,83.8,7691600
471,2016-08-03,BABA,83.3,83.84,83.17,83.67,83.67,5365800
472,2016-08-04,BABA,83.75,84.98,83.69,84.75,84.75,10731600
473,2016-08-05,BABA,85.01,85.08,84.44,84.59,84.59,9401700
474,2016-08-08,BABA,84.99,85.02,84.3,85.0,85.0,11528200
475,2016-08-09,BABA,85.05,85.63,84.8,85.24,85.24,15349200
476,2016-08-10,BABA,86.01,87.73,86.01,87.33,87.33,28195900
477,2016-08-11,BABA,92.14,92.8,91.26,91.77,91.77,54169200
478,2016-08-12,BABA,92.98,98.35,92.91,98.25,98.25,71968300
479,2016-08-15,BABA,98.28,98.86,96.82,97.17,97.17,33813400
480,2016-08-16,BABA,96.15,97.15,95.05,96.66,96.66,27514000
481,2016-08-17,BABA,96.17,97.25,96.05,97.0,97.0,14980900
482,2016-08-18,BABA,97.25,97.94,96.62,97.0,97.0,15009000
483,2016-08-19,BABA,96.91,97.24,96.34,96.86,96.86,14267100
484,2016-08-22,BABA,96.47,96.63,94.75,95.65,95.65,16222900
485,2016-08-23,BABA,95.59,96.48,95.41,95.79,95.79,9646800
486,2016-08-24,BABA,95.68,96.3,93.56,93.88,93.88,12726600
487,2016-08-25,BABA,93.75,94.69,93.12,93.94,93.94,13039900
488,2016-08-26,BABA,94.15,95.45,94.08,95.06,95.06,14133900
489,2016-08-29,BABA,94.6,95.16,94.21,94.88,94.88,8818300
490,2016-08-30,BABA,95.35,96.68,95.17,96.0,96.0,13994200
491,2016-08-31,BABA,96.14,97.2,96.01,97.19,97.19,28617000
492,2016-09-01,BABA,97.3,98.0,97.01,97.42,97.42,13387400
493,2016-09-02,BABA,97.97,99.67,97.97,99.25,99.25,17482600
494,2016-09-06,BABA,100.45,104.3,100.45,103.78,103.78,32803800
495,2016-09-07,BABA,103.84,104.0,102.26,102.32,102.32,15758800
496,2016-09-08,BABA,101.93,103.78,101.63,102.57,102.57,15475500
497,2016-09-09,BABA,101.8,102.21,99.05,99.62,99.62,21250400
498,2016-09-12,BABA,97.38,101.38,97.0,100.8,100.8,17318200
499,2016-09-13,BABA,100.38,101.49,98.84,100.28,100.28,20004900
500,2016-09-14,BABA,100.08,102.59,100.02,102.4,102.4,19604700
501,2016-09-15,BABA,102.62,104.48,102.53,104.45,104.45,20795900
502,2016-09-16,BABA,104.0,105.39,103.86,104.64,104.64,20363500
503,2016-09-19,BABA,105.16,105.5,102.19,103.03,103.03,15234600
504,2016-09-20,BABA,102.94,103.73,100.93,101.36,101.36,12863800
505,2016-09-21,BABA,102.46,106.19,102.21,106.0,106.0,22997100
506,2016-09-22,BABA,107.57,109.76,107.48,109.36,109.36,35627700
507,2016-09-23,BABA,108.25,108.4,106.71,107.71,107.71,23083000
508,2016-09-26,BABA,106.52,107.06,105.3,105.89,105.89,16805300
509,2016-09-27,BABA,106.52,108.49,106.37,108.26,108.26,17556700
510,2016-09-28,BABA,108.44,109.87,107.16,108.75,108.75,16371600
511,2016-09-29,BABA,106.51,106.69,104.57,105.55,105.55,30236700
512,2016-09-30,BABA,106.5,107.1,105.79,105.79,105.79,15577500
513,2016-10-03,BABA,105.45,106.29,104.98,105.38,105.38,10849500
514,2016-10-04,BABA,105.93,106.23,105.05,105.45,105.45,11068800
515,2016-10-05,BABA,105.87,107.45,105.66,106.96,106.96,13176500
516,2016-10-06,BABA,107.3,107.51,106.18,107.08,107.08,9885600
517,2016-10-07,BABA,106.89,107.55,105.56,106.0,106.0,8954400
518,2016-10-10,BABA,106.79,109.0,106.56,108.41,108.41,11516600
519,2016-10-11,BABA,107.89,107.97,104.75,105.23,105.23,14916600
520,2016-10-12,BABA,105.05,105.11,101.82,103.62,103.62,18435000
521,2016-10-13,BABA,102.06,102.55,99.0,102.15,102.15,22390000
522,2016-10-14,BABA,104.27,104.7,101.03,101.85,101.85,12789500
523,2016-10-17,BABA,101.5,103.47,101.27,102.84,102.84,10351700
524,2016-10-18,BABA,104.47,104.99,103.31,103.34,103.34,11107200
525,2016-10-19,BABA,104.33,104.8,103.65,103.93,103.93,8918900
526,2016-10-20,BABA,104.2,104.74,103.57,103.85,103.85,7109800
527,2016-10-21,BABA,103.7,103.94,102.75,103.94,103.94,8073100
528,2016-10-24,BABA,104.98,105.3,103.55,104.5,104.5,10898800
529,2016-10-25,BABA,104.86,105.2,104.02,104.22,104.22,8985700
530,2016-10-26,BABA,103.68,104.0,102.7,102.78,102.78,7579800
531,2016-10-27,BABA,103.38,104.11,101.85,102.38,102.38,8807100
532,2016-10-28,BABA,102.35,103.05,101.55,101.93,101.93,8479500
533,2016-10-31,BABA,102.65,103.21,101.42,101.69,101.69,15837900
534,2016-11-01,BABA,100.43,101.24,99.21,101.15,101.15,21287300
535,2016-11-02,BABA,103.85,104.1,97.3,98.51,98.51,36939900
536,2016-11-03,BABA,98.04,99.3,96.46,97.75,97.75,17412600
537,2016-11-04,BABA,96.9,98.79,96.67,97.57,97.57,9048500
538,2016-11-07,BABA,100.07,100.62,99.16,99.35,99.35,11198300
539,2016-11-08,BABA,99.39,99.99,98.36,99.85,99.85,8091100
540,2016-11-09,BABA,97.38,98.58,95.8,96.67,96.67,20948000
541,2016-11-10,BABA,98.34,98.5,92.22,94.34,94.34,27346700
542,2016-11-11,BABA,93.86,94.09,91.1,92.99,92.99,23725800
543,2016-11-14,BABA,92.45,92.54,87.88,89.77,89.77,27356200
544,2016-11-15,BABA,91.0,93.49,90.75,91.0,91.0,16723000
545,2016-11-16,BABA,91.39,93.68,91.33,92.86,92.86,14079700
546,2016-11-17,BABA,94.71,94.98,93.64,94.07,94.07,10380200
547,2016-11-18,BABA,94.85,95.3,92.67,93.39,93.39,10032600
548,2016-11-21,BABA,94.05,94.66,93.0,93.41,93.41,8960000
549,2016-11-22,BABA,94.24,94.42,93.16,93.21,93.21,10403600
550,2016-11-23,BABA,92.53,93.4,91.45,93.03,93.03,11721700
551,2016-11-25,BABA,93.55,93.75,92.77,93.01,93.01,4868500
552,2016-11-28,BABA,93.02,95.74,93.0,93.76,93.76,14340100
553,2016-11-29,BABA,93.67,96.06,93.39,94.99,94.99,14146900
554,2016-11-30,BABA,95.28,95.48,93.3,94.02,94.02,11447700
555,2016-12-01,BABA,94.0,94.06,89.18,89.86,89.86,24030700
556,2016-12-02,BABA,90.38,91.74,89.95,90.48,90.48,11718800
557,2016-12-05,BABA,90.05,91.4,89.57,90.99,90.99,8902600
558,2016-12-06,BABA,91.56,91.93,89.96,90.4,90.4,7787800
559,2016-12-07,BABA,90.52,91.65,89.5,91.07,91.07,13240000
560,2016-12-08,BABA,91.8,93.08,91.03,92.31,92.31,10919500
561,2016-12-09,BABA,92.51,93.64,92.28,93.28,93.28,9177600
562,2016-12-12,BABA,92.05,92.89,91.7,92.47,92.47,9355900
563,2016-12-13,BABA,92.8,93.73,91.87,92.16,92.16,10491300
564,2016-12-14,BABA,91.83,92.26,90.83,91.19,91.19,9153700
565,2016-12-15,BABA,90.0,90.6,88.74,88.85,88.85,19215500
566,2016-12-16,BABA,89.0,90.1,88.56,88.67,88.67,11341500
567,2016-12-19,BABA,88.61,89.82,88.41,88.93,88.93,10226300
568,2016-12-20,BABA,89.19,90.31,88.94,89.84,89.84,8434700
569,2016-12-21,BABA,89.96,90.43,89.25,89.25,89.25,9044900
570,2016-12-22,BABA,87.89,88.26,86.01,86.8,86.8,14404500
571,2016-12-23,BABA,86.62,87.68,86.62,86.79,86.79,6344000
572,2016-12-27,BABA,86.72,87.94,86.71,87.54,87.54,5228000
573,2016-12-28,BABA,88.3,88.75,87.22,87.37,87.37,6421100
574,2016-12-29,BABA,87.82,88.2,87.16,87.33,87.33,5467100
575,2016-12-30,BABA,87.57,88.1,87.2,87.81,87.81,7211100
576,2017-01-03,BABA,89.0,89.0,88.08,88.6,88.6,8789400
577,2017-01-04,BABA,88.99,90.89,88.58,90.51,90.51,11490200
578,2017-01-05,BABA,91.91,94.81,91.64,94.37,94.37,16821500
579,2017-01-06,BABA,94.4,94.5,93.0,93.89,93.89,7639800
580,2017-01-09,BABA,94.16,95.65,93.31,94.72,94.72,10829500
581,2017-01-10,BABA,96.4,97.9,95.55,96.75,96.75,14780600
582,2017-01-11,BABA,96.92,97.45,95.6,96.94,96.94,8735900
583,2017-01-12,BABA,96.85,96.85,94.8,95.9,95.9,8424700
584,2017-01-13,BABA,95.95,97.38,95.76,96.27,96.27,10701100
585,2017-01-17,BABA,96.32,96.59,95.0,96.12,96.12,6342400
586,2017-01-18,BABA,96.27,96.27,95.26,96.0,96.0,6610700
587,2017-01-19,BABA,96.42,96.7,95.58,96.17,96.17,7090000
588,2017-01-20,BABA,96.45,97.15,95.67,96.06,96.06,9685800
589,2017-01-23,BABA,96.48,98.67,96.26,98.41,98.41,14090300
590,2017-01-24,BABA,103.15,103.19,99.94,101.43,101.43,37181500
591,2017-01-25,BABA,102.46,104.27,101.9,104.06,104.06,23322800
592,2017-01-26,BABA,103.92,104.57,102.17,102.75,102.75,12504800
593,2017-01-27,BABA,102.25,102.7,101.29,102.07,102.07,8031000
594,2017-01-30,BABA,101.2,101.46,100.09,101.02,101.02,8619800
595,2017-01-31,BABA,100.24,102.09,100.06,101.31,101.31,7530000
596,2017-02-01,BABA,102.07,102.38,100.87,101.57,101.57,5736400
597,2017-02-02,BABA,101.28,101.47,100.56,100.84,100.84,5371600
598,2017-02-03,BABA,101.5,101.56,100.3,100.39,100.39,6197600
599,2017-02-06,BABA,100.17,101.71,100.02,100.9,100.9,6866700
600,2017-02-07,BABA,101.04,101.6,100.5,100.83,100.83,5655600
601,2017-02-08,BABA,101.55,103.99,101.16,103.57,103.57,10178500
602,2017-02-09,BABA,103.57,104.18,102.56,103.34,103.34,8435800
603,2017-02-10,BABA,103.88,103.94,102.31,102.36,102.36,7680300
604,2017-02-13,BABA,102.82,104.44,102.62,103.1,103.1,9729000
605,2017-02-14,BABA,103.14,103.6,100.9,101.59,101.59,10240700
606,2017-02-15,BABA,102.06,102.13,100.11,101.55,101.55,12384400
607,2017-02-16,BABA,101.86,102.1,100.5,100.82,100.82,7464000
608,2017-02-17,BABA,100.69,101.73,100.3,100.52,100.52,8258200
609,2017-02-21,BABA,101.03,102.54,100.91,102.12,102.12,8189600
610,2017-02-22,BABA,102.48,105.2,102.42,104.2,104.2,15779400
611,2017-02-23,BABA,104.72,104.86,101.82,102.46,102.46,10095600
612,2017-02-24,BABA,101.39,103.0,101.3,102.95,102.95,7356600
613,2017-02-27,BABA,102.5,103.82,102.22,103.6,103.6,6865900
614,2017-02-28,BABA,103.89,103.99,102.03,102.9,102.9,8017500
615,2017-03-01,BABA,103.68,104.99,103.21,104.04,104.04,10331800
616,2017-03-02,BABA,103.8,104.58,102.77,103.19,103.19,7983000
617,2017-03-03,BABA,102.99,103.42,102.44,103.31,103.31,6320900
618,2017-03-06,BABA,102.76,103.25,102.1,102.31,102.31,6290700
619,2017-03-07,BABA,102.3,103.31,102.11,102.63,102.63,4985200
620,2017-03-08,BABA,102.63,104.29,102.54,103.22,103.22,7066700
621,2017-03-09,BABA,102.97,103.75,102.76,103.24,103.24,4523600
622,2017-03-10,BABA,103.43,103.7,102.63,103.39,103.39,4120700
623,2017-03-13,BABA,103.52,106.25,103.47,105.18,105.18,16118900
624,2017-03-14,BABA,104.61,106.0,103.82,104.25,104.25,7748400
625,2017-03-15,BABA,104.37,104.49,102.6,103.69,103.69,11695200
626,2017-03-16,BABA,105.25,105.65,104.3,105.63,105.63,12445200
627,2017-03-17,BABA,105.17,106.5,104.86,105.61,105.61,8778900
628,2017-03-20,BABA,106.23,108.2,105.94,107.25,107.25,12447900
629,2017-03-21,BABA,108.46,108.7,104.7,105.09,105.09,13877700
630,2017-03-22,BABA,104.64,106.12,103.98,106.09,106.09,7153000
631,2017-03-23,BABA,106.95,108.83,106.44,108.25,108.25,13410800
632,2017-03-24,BABA,108.4,109.13,107.23,108.04,108.04,7578400
633,2017-03-27,BABA,106.65,108.19,106.51,108.08,108.08,7709400
634,2017-03-28,BABA,108.23,108.95,107.46,107.8,107.8,6472000
635,2017-03-29,BABA,107.97,109.74,107.69,109.51,109.51,8788700
636,2017-03-30,BABA,109.73,110.45,108.66,108.85,108.85,10592500
637,2017-03-31,BABA,108.5,109.12,107.78,107.83,107.83,9002800
638,2017-04-03,BABA,108.85,109.47,107.52,108.09,108.09,8391400
639,2017-04-04,BABA,107.87,108.26,106.88,107.52,107.52,6480100
640,2017-04-05,BABA,108.36,108.82,107.32,107.44,107.44,8205400
641,2017-04-06,BABA,107.59,108.42,107.15,108.04,108.04,5211100
642,2017-04-07,BABA,107.88,109.07,106.76,108.99,108.99,8354900
643,2017-04-10,BABA,109.0,111.88,108.84,111.7,111.7,14798600
644,2017-04-11,BABA,111.4,111.79,109.46,110.44,110.44,10012100
645,2017-04-12,BABA,110.5,111.7,110.31,110.63,110.63,8099800
646,2017-04-13,BABA,110.72,111.45,109.82,110.21,110.21,6857000
647,2017-04-17,BABA,110.91,111.87,110.3,111.76,111.76,7128100
648,2017-04-18,BABA,111.2,112.2,110.87,111.23,111.23,8305100
649,2017-04-19,BABA,111.99,112.2,110.57,110.76,110.76,9603800
650,2017-04-20,BABA,111.53,113.6,111.48,112.96,112.96,13773500
651,2017-04-21,BABA,112.8,113.17,112.3,113.11,113.11,8968300
652,2017-04-24,BABA,114.04,115.16,114.02,114.86,114.86,13386600
653,2017-04-25,BABA,115.54,115.82,114.8,115.48,115.48,11434600
654,2017-04-26,BABA,115.37,115.75,114.62,114.97,114.97,6678800
655,2017-04-27,BABA,115.0,115.96,114.83,115.43,115.43,9441500
656,2017-04-28,BABA,115.9,115.99,115.0,115.5,115.5,6984900
657,2017-05-01,BABA,115.63,117.24,115.5,116.68,116.68,7332100
658,2017-05-02,BABA,117.07,118.69,117.0,118.09,118.09,10048200
659,2017-05-03,BABA,117.95,118.0,115.12,116.57,116.57,10591100
660,2017-05-04,BABA,115.94,116.41,115.15,115.86,115.86,6977800
661,2017-05-05,BABA,116.05,116.15,114.8,116.04,116.04,7099400
662,2017-05-08,BABA,116.9,117.51,116.2,116.86,116.86,6461900
663,2017-05-09,BABA,118.62,120.0,118.07,120.0,120.0,15219900
664,2017-05-10,BABA,120.01,120.33,119.1,119.98,119.98,9347300
665,2017-05-11,BABA,120.13,120.5,118.25,120.16,120.16,11375500
666,2017-05-12,BABA,120.16,120.47,119.51,120.34,120.34,9823900
667,2017-05-15,BABA,121.03,121.49,120.03,121.4,121.4,11125500
668,2017-05-16,BABA,121.98,124.34,121.74,124.02,124.02,18222100
669,2017-05-17,BABA,123.25,123.89,120.5,120.72,120.72,19834700
670,2017-05-18,BABA,116.31,122.63,114.0,121.27,121.27,37121900
671,2017-05-19,BABA,123.96,126.4,123.07,123.22,123.22,21101700
672,2017-05-22,BABA,124.98,125.59,123.56,124.75,124.75,13493200
673,2017-05-23,BABA,124.67,125.68,122.85,122.93,122.93,14370100
674,2017-05-24,BABA,123.07,123.68,121.95,122.81,122.81,8371500
675,2017-05-25,BABA,123.74,124.45,122.31,123.63,123.63,12486500
676,2017-05-26,BABA,123.93,124.65,123.1,123.99,123.99,7558900
677,2017-05-30,BABA,124.08,124.88,123.53,123.91,123.91,8343400
678,2017-05-31,BABA,123.64,124.18,122.0,122.46,122.46,11582200
679,2017-06-01,BABA,122.82,124.0,122.26,123.97,123.97,8901400
680,2017-06-02,BABA,123.72,124.53,123.24,124.13,124.13,7342100
681,2017-06-05,BABA,124.02,125.56,123.87,125.37,125.37,10030600
682,2017-06-06,BABA,125.37,126.2,124.27,124.62,124.62,9257100
683,2017-06-07,BABA,125.08,125.91,124.11,125.64,125.64,9431600
684,2017-06-08,BABA,142.51,143.7,135.21,142.34,142.34,81381500
685,2017-06-09,BABA,142.34,148.29,137.01,139.44,139.44,54367400
686,2017-06-12,BABA,139.17,139.39,136.05,139.08,139.08,32177600
687,2017-06-13,BABA,141.88,142.24,135.9,136.6,136.6,40879600
688,2017-06-14,BABA,137.8,139.25,135.26,136.67,136.67,32862000
689,2017-06-15,BABA,135.64,135.67,133.1,135.08,135.08,30510400
690,2017-06-16,BABA,136.28,136.5,133.55,134.87,134.87,36431300
691,2017-06-19,BABA,137.81,140.4,137.4,139.47,139.47,24951600
692,2017-06-20,BABA,140.08,140.63,137.93,138.38,138.38,20580500
693,2017-06-21,BABA,138.82,143.5,138.02,143.29,143.29,30911600
694,2017-06-22,BABA,142.05,144.68,140.88,142.27,142.27,21897600
695,2017-06-23,BABA,142.1,143.34,141.6,143.01,143.01,11759000
696,2017-06-26,BABA,144.03,145.36,141.27,142.73,142.73,17828100
697,2017-06-27,BABA,143.9,144.38,141.1,141.53,141.53,17374800
698,2017-06-28,BABA,142.65,144.37,141.48,143.95,143.95,17759800
699,2017-06-29,BABA,143.16,143.56,137.52,140.81,140.81,24130300
700,2017-06-30,BABA,141.03,142.38,139.92,140.9,140.9,12276700
701,2017-07-03,BABA,141.75,142.49,139.49,140.99,140.99,6975700
702,2017-07-05,BABA,141.16,145.0,140.33,144.87,144.87,16995800
703,2017-07-06,BABA,143.01,143.62,141.83,142.2,142.2,11934200
704,2017-07-07,BABA,142.65,143.38,141.83,142.43,142.43,8046200
705,2017-07-10,BABA,143.0,144.16,142.25,143.81,143.81,10351500
706,2017-07-11,BABA,144.29,145.87,143.26,145.81,145.81,13519900
707,2017-07-12,BABA,147.38,149.3,146.85,149.0,149.0,14955800
708,2017-07-13,BABA,149.52,150.0,148.0,149.52,149.52,11683400
709,2017-07-14,BABA,150.12,152.25,149.69,151.83,151.83,11469400
710,2017-07-17,BABA,153.53,153.7,150.42,151.23,151.23,15342700
711,2017-07-18,BABA,151.08,154.6,150.48,153.75,153.75,15313000
712,2017-07-19,BABA,155.14,156.41,152.64,153.15,153.15,16896100
713,2017-07-20,BABA,153.96,154.12,151.84,152.11,152.11,16739800
714,2017-07-21,BABA,151.79,152.15,150.31,151.89,151.89,11452700
715,2017-07-24,BABA,152.77,153.23,151.6,152.26,152.26,10649100
716,2017-07-25,BABA,152.36,152.75,150.85,152.44,152.44,8460300
717,2017-07-26,BABA,152.53,156.0,152.36,155.79,155.79,14466300
718,2017-07-27,BABA,157.85,160.39,151.33,154.15,154.15,26058500
719,2017-07-28,BABA,153.96,158.96,152.82,157.56,157.56,14449400
720,2017-07-31,BABA,158.9,159.39,153.5,154.95,154.95,17782400
721,2017-08-01,BABA,156.25,156.61,153.8,154.73,154.73,12035300
722,2017-08-02,BABA,155.47,155.75,149.1,151.91,151.91,19529300
723,2017-08-03,BABA,152.1,153.8,149.6,153.32,153.32,12435400
724,2017-08-04,BABA,154.32,154.32,152.16,153.33,153.33,10035600
725,2017-08-07,BABA,154.83,158.99,154.37,158.84,158.84,15906400
726,2017-08-08,BABA,158.56,159.84,156.8,157.5,157.5,15447100
727,2017-08-09,BABA,156.05,157.71,155.2,157.49,157.49,11022600
728,2017-08-10,BABA,156.2,156.5,151.25,151.77,151.77,19298900
729,2017-08-11,BABA,150.51,152.57,147.5,151.7,151.7,22327400
730,2017-08-14,BABA,154.77,155.08,153.1,154.61,154.61,14601800
731,2017-08-15,BABA,155.74,158.32,154.0,157.75,157.75,18635700
732,2017-08-16,BABA,160.0,160.35,158.54,159.5,159.5,21318300
733,2017-08-17,BABA,166.12,168.0,163.51,163.92,163.92,56840300
734,2017-08-18,BABA,165.36,169.5,164.1,167.5,167.5,31492500
735,2017-08-21,BABA,168.29,170.6,166.98,169.25,169.25,22352300
736,2017-08-22,BABA,170.02,174.77,169.64,174.46,174.46,24481900
737,2017-08-23,BABA,172.9,176.23,172.75,175.8,175.8,21939000
738,2017-08-24,BABA,177.0,177.0,174.3,175.0,175.0,20795200
739,2017-08-25,BABA,174.8,174.94,171.11,171.74,171.74,24184700
740,2017-08-28,BABA,171.15,171.34,167.06,168.3,168.3,24615900
741,2017-08-29,BABA,165.15,169.23,164.35,167.41,167.41,19587300
742,2017-08-30,BABA,169.15,172.39,169.15,171.25,171.25,17770000
743,2017-08-31,BABA,172.54,172.9,170.25,171.74,171.74,16486800
744,2017-09-01,BABA,171.99,172.39,170.65,171.04,171.04,11166600
745,2017-09-05,BABA,169.47,171.93,168.74,169.92,169.92,14943600
746,2017-09-06,BABA,170.17,171.11,167.0,168.14,168.14,19988300
747,2017-09-07,BABA,169.26,170.97,168.0,170.48,170.48,15141900
748,2017-09-08,BABA,169.99,171.22,168.92,169.0,169.0,12345300
749,2017-09-11,BABA,171.5,174.2,171.5,174.06,174.06,18257900
750,2017-09-12,BABA,174.89,175.62,173.37,175.31,175.31,15629700
751,2017-09-13,BABA,175.75,179.1,175.56,178.97,178.97,22060700
752,2017-09-14,BABA,177.54,179.93,176.02,177.1,177.1,22827700
753,2017-09-15,BABA,177.9,179.75,176.7,176.7,176.7,26567600
754,2017-09-18,BABA,178.89,180.29,177.75,179.98,179.98,22919800
755,2017-09-19,BABA,180.69,180.87,179.25,180.07,180.07,14751900
756,2017-09-20,BABA,180.02,180.5,176.15,177.95,177.95,15396700
757,2017-09-21,BABA,178.05,178.86,175.3,177.39,177.39,14578800
758,2017-09-22,BABA,176.2,178.42,175.68,178.14,178.14,12749700
759,2017-09-25,BABA,176.48,177.0,167.5,169.59,169.59,34033700
760,2017-09-26,BABA,170.01,171.9,166.79,167.02,167.02,23696200
761,2017-09-27,BABA,169.84,171.95,169.45,170.99,170.99,19444200
762,2017-09-28,BABA,170.91,171.88,169.57,170.24,170.24,13957000
763,2017-09-29,BABA,171.11,173.54,170.74,172.71,172.71,13401800
764,2017-10-02,BABA,174.57,175.13,172.57,173.61,173.61,12563400
765,2017-10-03,BABA,176.06,178.78,173.61,178.56,178.56,16714600
766,2017-10-04,BABA,178.06,180.0,177.3,178.71,178.71,11420600
767,2017-10-05,BABA,179.0,179.73,176.03,178.89,178.89,11895300
768,2017-10-06,BABA,177.85,179.87,177.61,179.2,179.2,8749300
769,2017-10-09,BABA,178.97,183.13,178.75,182.09,182.09,15011600
770,2017-10-10,BABA,181.65,184.46,181.36,183.12,183.12,13201300
771,2017-10-11,BABA,183.0,184.7,182.6,184.69,184.69,11974400
772,2017-10-12,BABA,184.04,184.39,180.35,180.53,180.53,15441200
773,2017-10-13,BABA,180.96,181.4,177.97,178.45,178.45,18107700
774,2017-10-16,BABA,180.0,180.05,178.51,179.56,179.56,12855900
775,2017-10-17,BABA,179.58,180.12,175.3,175.32,175.32,20132200
776,2017-10-18,BABA,177.09,180.0,176.28,179.61,179.61,21736500
777,2017-10-19,BABA,177.0,179.61,175.45,177.93,177.93,13539000
778,2017-10-20,BABA,179.02,179.52,177.08,177.32,177.32,11953200
779,2017-10-23,BABA,177.8,178.01,173.05,173.13,173.13,17610900
780,2017-10-24,BABA,174.0,175.98,173.26,173.7,173.7,11946000
781,2017-10-25,BABA,174.69,175.44,169.3,170.22,170.22,18109400
782,2017-10-26,BABA,170.62,171.45,168.58,170.32,170.32,13527400
783,2017-10-27,BABA,173.19,177.0,171.11,176.15,176.15,19712600
784,2017-10-30,BABA,178.43,181.9,177.59,181.58,181.58,20219700
785,2017-10-31,BABA,183.57,185.12,181.81,184.89,184.89,21256700
786,2017-11-01,BABA,187.88,188.88,183.58,186.08,186.08,28594700
787,2017-11-02,BABA,190.99,191.22,183.31,184.81,184.81,41239900
788,2017-11-03,BABA,186.51,186.93,182.06,183.21,183.21,19697300
789,2017-11-06,BABA,184.07,188.25,184.0,187.84,187.84,19873100
790,2017-11-07,BABA,189.58,189.86,187.0,188.51,188.51,17781000
791,2017-11-08,BABA,187.98,188.15,185.1,185.9,185.9,13944600
792,2017-11-09,BABA,184.21,185.13,181.05,185.13,185.13,19755600
793,2017-11-10,BABA,187.03,187.17,185.4,186.41,186.41,15031000
794,2017-11-13,BABA,186.77,187.88,184.0,184.54,184.54,17139100
795,2017-11-14,BABA,184.3,184.38,181.15,181.79,181.79,14475300
796,2017-11-15,BABA,179.37,181.88,176.74,181.48,181.48,16567000
797,2017-11-16,BABA,183.31,186.27,183.12,185.43,185.43,18389500
798,2017-11-17,BABA,185.92,186.5,184.67,185.13,185.13,13422700
799,2017-11-20,BABA,187.6,190.0,186.61,188.0,188.0,25992300
800,2017-11-21,BABA,190.35,191.56,188.8,190.9,190.9,19639500
801,2017-11-22,BABA,191.54,191.75,189.37,189.84,189.84,14417600
802,2017-11-24,BABA,189.39,191.7,188.7,191.19,191.19,9887300
803,2017-11-27,BABA,190.49,191.45,187.55,188.03,188.03,14952800
804,2017-11-28,BABA,188.83,189.1,186.5,186.69,186.69,13378100
805,2017-11-29,BABA,185.25,185.41,173.62,179.91,179.91,40204100
806,2017-11-30,BABA,179.53,179.8,176.32,177.08,177.08,25851100
807,2017-12-01,BABA,175.27,179.8,173.8,174.61,174.61,26782300
808,2017-12-04,BABA,177.2,177.58,168.26,169.58,169.58,35895100
809,2017-12-05,BABA,165.28,172.96,164.25,168.96,168.96,31609900
810,2017-12-06,BABA,172.63,173.23,167.87,172.63,172.63,23897800
811,2017-12-07,BABA,175.29,175.82,172.26,174.47,174.47,15697900
812,2017-12-08,BABA,177.57,178.96,176.37,177.62,177.62,23543400
813,2017-12-11,BABA,179.9,180.68,178.15,179.29,179.29,15626200
814,2017-12-12,BABA,174.64,178.16,173.77,174.64,174.64,22656500
815,2017-12-13,BABA,175.19,177.7,174.3,176.47,176.47,18653400
816,2017-12-14,BABA,173.11,173.39,169.61,171.75,171.75,32830000
817,2017-12-15,BABA,172.89,173.55,170.0,173.55,173.55,41356700
818,2017-12-18,BABA,174.6,174.7,172.37,173.37,173.37,17023300
819,2017-12-19,BABA,171.97,173.0,170.51,171.28,171.28,23936200
820,2017-12-20,BABA,171.79,172.9,170.8,172.64,172.64,17121400
821,2017-12-21,BABA,172.8,176.25,172.65,175.32,175.32,14812400
822,2017-12-22,BABA,175.84,176.66,175.04,176.29,176.29,12524700
823,2017-12-26,BABA,174.55,175.15,171.73,172.33,172.33,12913800
824,2017-12-27,BABA,172.29,173.87,171.73,172.97,172.97,10152300
825,2017-12-28,BABA,173.04,173.53,171.67,172.3,172.3,9508100
826,2017-12-29,BABA,172.28,173.67,171.2,172.43,172.43,9704600
827,2018-01-02,BABA,176.4,184.1,175.7,183.65,183.65,29916900
828,2018-01-03,BABA,185.19,185.63,181.4,184.0,184.0,20121900
829,2018-01-04,BABA,185.9,187.75,184.43,185.71,185.71,19473800
830,2018-01-05,BABA,187.17,190.75,186.3,190.7,190.7,18168300
831,2018-01-08,BABA,190.46,191.66,189.07,190.33,190.33,16230100
832,2018-01-09,BABA,191.13,192.49,188.0,190.8,190.8,19495100
833,2018-01-10,BABA,188.1,190.39,186.58,189.79,189.79,17943800
834,2018-01-11,BABA,189.73,190.43,188.1,188.75,188.75,12400400
835,2018-01-12,BABA,189.91,190.2,187.25,187.79,187.79,11789600
836,2018-01-16,BABA,190.4,191.74,181.75,182.4,182.4,27428500
837,2018-01-17,BABA,183.3,184.8,179.32,183.83,183.83,21346500
838,2018-01-18,BABA,184.28,185.85,182.69,184.4,184.4,14190700
839,2018-01-19,BABA,185.15,185.24,182.8,184.05,184.05,15349300
840,2018-01-22,BABA,184.98,185.04,181.68,184.02,184.02,16016300
841,2018-01-23,BABA,185.28,192.4,183.54,192.28,192.28,31305900
842,2018-01-24,BABA,194.71,198.86,192.4,195.53,195.53,34497300
843,2018-01-25,BABA,196.34,199.59,194.1,198.33,198.33,23421600
844,2018-01-26,BABA,200.33,205.23,199.21,205.22,205.22,23768600
845,2018-01-29,BABA,204.83,205.69,201.82,203.01,203.01,21908600
846,2018-01-30,BABA,198.68,202.54,196.49,199.66,199.66,23377500
847,2018-01-31,BABA,202.82,206.2,202.8,204.29,204.29,26982500
848,2018-02-01,BABA,192.75,199.49,191.14,192.22,192.22,52628900
849,2018-02-02,BABA,194.79,195.68,186.8,187.31,187.31,32233900
850,2018-02-05,BABA,183.7,190.47,179.9,180.53,180.53,31084000
851,2018-02-06,BABA,174.72,185.59,174.17,185.17,185.17,35804500
852,2018-02-07,BABA,183.5,186.83,180.3,180.3,180.3,19672100
853,2018-02-08,BABA,182.27,183.1,171.39,173.7,173.7,32051300
854,2018-02-09,BABA,175.12,177.62,168.88,176.67,176.67,28049500
855,2018-02-12,BABA,180.44,180.79,175.09,177.44,177.44,18280300
856,2018-02-13,BABA,177.42,182.15,177.0,179.25,179.25,15507000
857,2018-02-14,BABA,179.22,186.93,178.9,186.76,186.76,21047400
858,2018-02-15,BABA,189.25,189.56,184.43,187.45,187.45,14361100
859,2018-02-16,BABA,186.75,188.27,183.54,183.68,183.68,16008400
860,2018-02-20,BABA,183.67,188.83,183.0,187.19,187.19,14854900
861,2018-02-21,BABA,189.37,193.17,188.46,188.82,188.82,22071600
862,2018-02-22,BABA,190.2,190.74,187.77,188.75,188.75,12282800
863,2018-02-23,BABA,190.18,193.4,189.95,193.29,193.29,16937300
864,2018-02-26,BABA,194.46,195.15,190.65,194.19,194.19,19463100
865,2018-02-27,BABA,192.59,193.57,187.21,188.26,188.26,23218500
866,2018-02-28,BABA,187.25,188.24,185.0,186.14,186.14,19367600
867,2018-03-01,BABA,186.18,187.48,180.05,181.99,181.99,17286300
868,2018-03-02,BABA,178.01,180.23,175.45,179.76,179.76,18909100
869,2018-03-05,BABA,179.41,181.95,177.07,181.6,181.6,15656700
870,2018-03-06,BABA,185.19,188.01,184.82,187.37,187.37,17856100
871,2018-03-07,BABA,184.37,189.07,184.32,189.05,189.05,13728900
872,2018-03-08,BABA,189.05,190.23,186.57,187.18,187.18,14331400
873,2018-03-09,BABA,189.64,190.7,188.01,190.55,190.55,14208400
874,2018-03-12,BABA,192.3,194.4,190.9,192.74,192.74,17826200
875,2018-03-13,BABA,193.88,194.25,187.39,188.41,188.41,14826700
876,2018-03-14,BABA,190.29,193.63,190.22,192.56,192.56,20032300
877,2018-03-15,BABA,198.44,201.5,196.52,199.06,199.06,33504600
878,2018-03-16,BABA,198.4,200.38,197.26,200.28,200.28,26948700
879,2018-03-19,BABA,198.0,198.43,192.8,194.53,194.53,19681400
880,2018-03-20,BABA,194.95,199.21,194.54,198.95,198.95,11952000
881,2018-03-21,BABA,198.8,198.88,194.57,195.3,195.3,12047300
882,2018-03-22,BABA,190.75,192.39,184.6,184.65,184.65,25355700
883,2018-03-23,BABA,186.85,187.14,180.4,181.2,181.2,18714400
884,2018-03-26,BABA,187.89,190.62,184.32,190.5,190.5,16758700
885,2018-03-27,BABA,192.24,192.25,180.66,181.89,181.89,16627900
886,2018-03-28,BABA,180.73,183.44,177.57,178.91,178.91,20081100
887,2018-03-29,BABA,180.88,185.13,178.62,183.54,183.54,16378900
888,2018-04-02,BABA,182.81,183.51,175.75,177.61,177.61,16028700
889,2018-04-03,BABA,179.26,179.58,173.0,174.67,174.67,19975100
890,2018-04-04,BABA,166.88,172.41,166.13,172.07,172.07,24573600
891,2018-04-05,BABA,175.48,176.56,171.17,172.57,172.57,18250900
892,2018-04-06,BABA,169.84,172.27,166.4,167.52,167.52,18210000
893,2018-04-09,BABA,169.75,172.72,168.61,169.87,169.87,14717300
894,2018-04-10,BABA,175.1,177.88,173.85,177.1,177.1,20436200
895,2018-04-11,BABA,176.48,178.16,174.74,175.36,175.36,10170500
896,2018-04-12,BABA,175.93,177.9,174.56,175.92,175.92,11133900
897,2018-04-13,BABA,176.72,176.8,171.07,172.04,172.04,13526200
898,2018-04-16,BABA,172.01,174.79,171.01,174.7,174.7,9876200
899,2018-04-17,BABA,174.83,179.34,174.83,178.7,178.7,16285800
900,2018-04-18,BABA,178.9,182.88,177.64,182.68,182.68,16972700
901,2018-04-19,BABA,183.26,183.63,179.52,181.39,181.39,11989000
902,2018-04-20,BABA,179.36,181.39,177.53,179.11,179.11,14473100
903,2018-04-23,BABA,178.63,179.32,174.71,175.57,175.57,12033900
904,2018-04-24,BABA,177.63,178.0,170.68,173.09,173.09,14567500
905,2018-04-25,BABA,170.52,171.3,166.64,170.22,170.22,17132900
906,2018-04-26,BABA,173.25,174.36,172.05,173.9,173.9,13398000
907,2018-04-27,BABA,177.11,178.2,174.01,177.16,177.16,15062500
908,2018-04-30,BABA,178.09,180.04,177.05,178.54,178.54,14654000
909,2018-05-01,BABA,177.58,180.32,177.44,179.5,179.5,10787700
910,2018-05-02,BABA,180.8,184.26,180.11,181.45,181.45,20681800
911,2018-05-03,BABA,183.5,183.59,175.77,182.45,182.45,26257600
912,2018-05-04,BABA,180.4,190.6,178.62,188.89,188.89,57788300
913,2018-05-07,BABA,190.41,196.6,190.3,195.35,195.35,29862200
914,2018-05-08,BABA,194.2,197.34,193.01,196.31,196.31,21856300
915,2018-05-09,BABA,195.84,197.38,194.5,195.43,195.43,13780600
916,2018-05-10,BABA,196.3,199.77,195.16,195.96,195.96,21295000
917,2018-05-11,BABA,196.4,196.46,193.38,194.36,194.36,12741100
918,2018-05-14,BABA,195.9,200.0,195.87,198.64,198.64,17627100
919,2018-05-15,BABA,195.23,196.78,193.86,196.61,196.61,12694900
920,2018-05-16,BABA,196.75,199.75,196.3,198.11,198.11,12887500
921,2018-05-17,BABA,196.0,198.43,195.57,196.02,196.02,13470500
922,2018-05-18,BABA,196.43,197.78,194.72,195.0,195.0,14242300
923,2018-05-21,BABA,197.8,199.79,196.4,197.64,197.64,13830500
924,2018-05-22,BABA,198.3,198.63,195.7,195.87,195.87,9700100
925,2018-05-23,BABA,193.88,196.9,192.8,196.8,196.8,12807400
926,2018-05-24,BABA,198.12,199.72,195.7,197.37,197.37,18527700
927,2018-05-25,BABA,197.57,201.5,197.21,199.2,199.2,21270000
928,2018-05-29,BABA,197.94,202.28,197.0,198.0,198.0,18768700
929,2018-05-30,BABA,199.7,200.54,197.5,197.98,197.98,13930600
930,2018-05-31,BABA,198.0,199.48,196.85,198.01,198.01,17982500
931,2018-06-01,BABA,199.5,204.99,199.45,204.34,204.34,23131900
932,2018-06-04,BABA,205.12,209.75,204.73,208.95,208.95,19357000
933,2018-06-05,BABA,209.95,211.7,207.13,208.37,208.37,17787700
934,2018-06-06,BABA,209.86,210.46,207.29,208.3,208.3,13800500
935,2018-06-07,BABA,207.46,209.0,200.88,203.62,203.62,26747800
936,2018-06-08,BABA,201.11,206.23,200.43,205.07,205.07,17525200
937,2018-06-11,BABA,206.5,207.6,205.01,205.7,205.7,12061400
938,2018-06-12,BABA,206.95,209.8,206.9,209.08,209.08,15910900
939,2018-06-13,BABA,209.44,209.65,206.6,206.62,206.62,13844200
940,2018-06-14,BABA,207.72,211.12,207.51,210.86,210.86,18838300
941,2018-06-15,BABA,207.49,210.08,206.01,208.0,208.0,28665600
942,2018-06-18,BABA,205.16,208.6,203.88,208.57,208.57,14645200
943,2018-06-19,BABA,203.53,204.51,199.5,204.43,204.43,24484200
944,2018-06-20,BABA,205.05,207.23,205.02,206.23,206.23,15559600
945,2018-06-21,BABA,205.84,206.0,201.04,202.21,202.21,13963800
946,2018-06-22,BABA,203.38,203.8,200.25,202.01,202.01,9585000
947,2018-06-25,BABA,197.85,198.1,187.86,191.25,191.25,32750900
948,2018-06-26,BABA,193.34,193.66,188.42,191.42,191.42,20740400
949,2018-06-27,BABA,193.46,193.6,184.89,185.02,185.02,23887000
950,2018-06-28,BABA,183.2,188.96,182.04,188.38,188.38,19553800
951,2018-06-29,BABA,185.36,188.97,184.26,185.53,185.53,26023400
952,2018-07-02,BABA,181.66,186.36,181.06,186.36,186.36,17325900
953,2018-07-03,BABA,187.88,188.5,184.36,184.75,184.75,11673700
954,2018-07-05,BABA,187.17,187.44,182.9,186.88,186.88,18412100
955,2018-07-06,BABA,186.01,192.49,185.54,192.27,192.27,17035600
956,2018-07-09,BABA,194.45,194.69,190.87,192.75,192.75,15466400
957,2018-07-10,BABA,192.89,195.13,191.48,192.55,192.55,12611400
958,2018-07-11,BABA,188.6,190.05,187.42,187.42,187.42,15947000
959,2018-07-12,BABA,190.77,192.58,189.79,190.17,190.17,17440400
960,2018-07-13,BABA,191.61,192.12,189.3,190.04,190.04,12550500
961,2018-07-16,BABA,189.57,191.37,189.15,190.35,190.35,12205600
962,2018-07-17,BABA,188.65,192.95,187.9,192.66,192.66,13270700
963,2018-07-18,BABA,192.45,193.23,189.91,190.79,190.79,10796600
964,2018-07-19,BABA,188.68,189.68,186.87,187.34,187.34,13373100
965,2018-07-20,BABA,189.49,189.5,186.61,187.25,187.25,12807500
966,2018-07-23,BABA,187.18,187.81,184.8,187.04,187.04,10996200
967,2018-07-24,BABA,190.19,193.07,188.35,189.0,189.0,18414800
968,2018-07-25,BABA,190.61,198.35,190.14,197.98,197.98,20735400
969,2018-07-26,BABA,193.21,196.12,192.62,194.18,194.18,13885500
970,2018-07-27,BABA,196.1,196.27,186.93,189.42,189.42,19907100
971,2018-07-30,BABA,190.22,190.59,182.06,184.82,184.82,19906300
972,2018-07-31,BABA,186.4,188.95,183.99,187.23,187.23,17016600
973,2018-08-01,BABA,186.0,189.06,183.96,185.27,185.27,14370700
974,2018-08-02,BABA,181.54,182.9,179.78,182.6,182.6,20976500
975,2018-08-03,BABA,184.15,184.5,180.08,180.84,180.84,18185100
976,2018-08-06,BABA,180.7,180.86,177.49,178.62,178.62,35419000
977,2018-08-07,BABA,180.29,183.0,179.74,179.92,179.92,20620300
978,2018-08-08,BABA,180.0,180.18,176.55,177.52,177.52,21152400
979,2018-08-09,BABA,179.31,180.63,176.76,177.19,177.19,35220900
980,2018-08-10,BABA,175.57,180.45,174.75,180.01,180.01,22049200
981,2018-08-13,BABA,179.65,180.65,177.0,177.68,177.68,14674000
982,2018-08-14,BABA,175.14,176.2,170.77,172.53,172.53,38508600
983,2018-08-15,BABA,167.11,169.85,165.39,169.83,169.83,41278600
984,2018-08-16,BABA,172.33,175.7,171.57,171.99,171.99,34263300
985,2018-08-17,BABA,172.52,174.2,168.38,172.78,172.78,24695400
986,2018-08-20,BABA,175.22,178.86,174.36,176.29,176.29,25900700
987,2018-08-21,BABA,177.63,179.67,176.97,177.92,177.92,20337400
988,2018-08-22,BABA,178.15,179.74,175.5,177.85,177.85,27138500
989,2018-08-23,BABA,184.97,186.5,171.91,172.23,172.23,78843400
990,2018-08-24,BABA,175.0,176.37,172.45,174.23,174.23,30442800
991,2018-08-27,BABA,177.1,180.88,176.22,180.65,180.65,23533800
992,2018-08-28,BABA,182.15,182.38,177.5,178.19,178.19,15319000
993,2018-08-29,BABA,179.35,179.66,176.83,178.5,178.5,11892600
994,2018-08-30,BABA,177.33,178.1,174.12,174.6,174.6,17086200
995,2018-08-31,BABA,173.11,176.68,172.76,175.01,175.01,13730800
996,2018-09-04,BABA,173.5,173.95,169.0,170.44,170.44,23450500
997,2018-09-05,BABA,167.48,168.28,162.03,164.23,164.23,35694700
998,2018-09-06,BABA,164.16,166.48,158.67,159.87,159.87,33052000
999,2018-09-07,BABA,159.95,164.61,159.51,162.37,162.37,19452400
1000,2018-09-10,BABA,158.59,160.72,155.0,156.36,156.36,39092700
1001,2018-09-11,BABA,153.18,158.45,152.85,157.46,157.46,25884100
1002,2018-09-12,BABA,158.2,162.82,156.18,161.46,161.46,32490500
1003,2018-09-13,BABA,165.41,167.22,164.01,165.53,165.53,25696500
1004,2018-09-14,BABA,167.88,168.0,163.38,164.74,164.74,23417700
1005,2018-09-17,BABA,161.5,161.65,158.29,158.89,158.89,20423200
1006,2018-09-18,BABA,156.88,159.4,155.52,156.65,156.65,27240600
1007,2018-09-19,BABA,158.82,163.13,158.82,162.63,162.63,23028300
1008,2018-09-20,BABA,166.89,167.7,164.72,165.88,165.88,22818100
1009,2018-09-21,BABA,169.46,169.84,164.5,164.63,164.63,22081900
1010,2018-09-24,BABA,162.81,163.4,160.1,163.16,163.16,13123400
1011,2018-09-25,BABA,164.05,165.44,162.83,164.25,164.25,9588700
1012,2018-09-26,BABA,165.52,167.39,164.87,165.4,165.4,13592500
1013,2018-09-27,BABA,166.39,167.05,164.92,166.32,166.32,12689200
1014,2018-09-28,BABA,164.9,165.66,163.3,164.76,164.76,10486500
1015,2018-10-01,BABA,165.92,165.95,161.56,162.0,162.0,10615200
1016,2018-10-02,BABA,159.79,161.03,158.27,160.23,160.23,14730500
1017,2018-10-03,BABA,163.15,164.54,161.93,162.37,162.37,13118800
1018,2018-10-04,BABA,160.06,160.08,153.87,156.13,156.13,32176100
1019,2018-10-05,BABA,156.14,157.12,152.25,154.63,154.63,20271000
1020,2018-10-08,BABA,150.2,152.64,148.34,151.14,151.14,25060400
1021,2018-10-09,BABA,147.97,150.59,146.47,146.94,146.94,31070200
1022,2018-10-10,BABA,142.5,144.0,137.92,138.29,138.29,55828800
1023,2018-10-11,BABA,135.53,142.91,135.14,141.9,141.9,43210300
1024,2018-10-12,BABA,148.62,149.0,144.52,147.29,147.29,30764400
1025,2018-10-15,BABA,144.77,145.69,142.3,144.16,144.16,18567100
1026,2018-10-16,BABA,145.71,149.76,145.26,149.6,149.6,18365900
1027,2018-10-17,BABA,150.68,150.68,146.37,148.14,148.14,16872400
1028,2018-10-18,BABA,145.85,146.28,140.8,142.02,142.02,20618900
1029,2018-10-19,BABA,145.34,146.77,142.61,142.93,142.93,14855100
1030,2018-10-22,BABA,148.99,150.2,146.1,148.8,148.8,22589300
1031,2018-10-23,BABA,143.22,147.51,142.62,146.65,146.65,19950500
1032,2018-10-24,BABA,145.18,146.69,139.34,139.61,139.61,18512300
1033,2018-10-25,BABA,142.5,144.91,141.01,144.6,144.6,13655100
1034,2018-10-26,BABA,139.0,145.83,138.55,142.87,142.87,19476900
1035,2018-10-29,BABA,142.42,144.0,131.36,133.38,133.38,35121700
1036,2018-10-30,BABA,132.28,136.4,130.06,136.33,136.33,25230000
1037,2018-10-31,BABA,141.35,142.65,139.14,142.28,142.28,23654600
1038,2018-11-01,BABA,144.98,152.32,138.62,151.25,151.25,47039300
1039,2018-11-02,BABA,152.56,154.36,146.28,147.59,147.59,45985800
1040,2018-11-05,BABA,146.22,149.37,144.23,144.64,144.64,16197300
1041,2018-11-06,BABA,145.87,149.96,145.32,147.44,147.44,17849800
1042,2018-11-07,BABA,150.77,152.8,148.94,152.5,152.5,17884400
1043,2018-11-08,BABA,150.99,151.88,146.69,148.99,148.99,17067100
1044,2018-11-09,BABA,145.57,145.72,142.48,144.85,144.85,16220000
1045,2018-11-12,BABA,145.01,146.41,139.97,142.82,142.82,16516500
1046,2018-11-13,BABA,144.83,149.94,143.91,146.98,146.98,19575100
1047,2018-11-14,BABA,150.21,152.15,148.44,150.44,150.44,21786000
1048,2018-11-15,BABA,152.9,157.4,150.89,156.22,156.22,30083500
1049,2018-11-16,BABA,155.04,155.8,152.14,154.1,154.1,20039400
1050,2018-11-19,BABA,152.02,153.21,148.77,149.53,149.53,18087800
1051,2018-11-20,BABA,144.48,148.07,142.82,145.98,145.98,19473200
1052,2018-11-21,BABA,149.06,151.48,148.65,149.41,149.41,14718600
1053,2018-11-23,BABA,147.3,151.17,147.0,150.33,150.33,7437500
1054,2018-11-26,BABA,153.21,156.53,152.37,156.01,156.01,16152700
1055,2018-11-27,BABA,154.64,157.94,153.58,156.46,156.46,17911800
1056,2018-11-28,BABA,159.01,159.8,155.26,159.34,159.34,20767100
1057,2018-11-29,BABA,158.08,159.0,153.54,156.28,156.28,20532200
1058,2018-11-30,BABA,157.9,160.86,156.72,160.86,160.86,35071200
1059,2018-12-03,BABA,168.64,168.8,163.51,163.74,163.74,31174000
1060,2018-12-04,BABA,164.88,164.98,156.46,158.34,158.34,22198600
1061,2018-12-06,BABA,153.0,155.87,150.51,155.83,155.83,25335500
1062,2018-12-07,BABA,155.4,158.05,151.73,153.06,153.06,17447900
1063,2018-12-10,BABA,150.39,152.81,147.48,151.43,151.43,15525500
1064,2018-12-11,BABA,155.26,156.24,150.9,151.83,151.83,13651900
1065,2018-12-12,BABA,155.24,156.17,151.43,151.5,151.5,16619200
1066,2018-12-13,BABA,153.05,153.46,150.52,151.48,151.48,12255800
1067,2018-12-14,BABA,147.71,150.7,145.72,149.0,149.0,15560700
1068,2018-12-17,BABA,146.5,147.94,142.24,143.98,143.98,15788100
1069,2018-12-18,BABA,144.28,144.75,140.11,140.82,140.82,17846600
1070,2018-12-19,BABA,141.04,141.32,135.73,137.14,137.14,27657800
1071,2018-12-20,BABA,135.83,137.76,132.91,135.11,135.11,24103800
1072,2018-12-21,BABA,137.08,137.19,130.23,132.0,132.0,28790600
1073,2018-12-24,BABA,130.0,134.57,129.77,131.89,131.89,11240700
1074,2018-12-26,BABA,132.87,138.02,130.18,138.0,138.0,14862400
1075,2018-12-27,BABA,135.05,138.45,133.89,138.45,138.45,11457400
1076,2018-12-28,BABA,139.2,140.98,136.79,139.09,139.09,11955300
1077,2018-12-31,BABA,141.83,142.02,136.04,137.07,137.07,11186400
1078,2019-01-02,BABA,134.13,137.75,133.03,136.7,136.7,16708400
1079,2019-01-03,BABA,134.27,134.87,129.83,130.6,130.6,19531300
1080,2019-01-04,BABA,134.26,141.08,133.66,139.75,139.75,22845400
1081,2019-01-07,BABA,140.55,144.08,139.01,143.1,143.1,17239000
1082,2019-01-08,BABA,145.0,147.55,142.06,146.79,146.79,16487600
1083,2019-01-09,BABA,149.89,153.35,148.5,151.92,151.92,20214100
1084,2019-01-10,BABA,149.81,152.03,148.88,151.69,151.69,14221100
1085,2019-01-11,BABA,151.83,153.38,150.14,151.32,151.32,9589400
1086,2019-01-14,BABA,148.5,150.57,146.54,149.27,149.27,13356700
1087,2019-01-15,BABA,150.68,154.17,149.96,150.88,150.88,15003100
1088,2019-01-16,BABA,152.81,155.39,151.5,154.84,154.84,14810800
1089,2019-01-17,BABA,152.11,158.55,151.9,155.97,155.97,16153200
1090,2019-01-18,BABA,158.45,159.49,154.73,157.02,157.02,19611400
1091,2019-01-22,BABA,154.4,155.44,150.21,152.15,152.15,21295000
1092,2019-01-23,BABA,154.65,155.18,150.95,152.03,152.03,10195800
1093,2019-01-24,BABA,151.47,156.0,151.21,155.86,155.86,10997900
1094,2019-01-25,BABA,158.91,160.5,157.43,159.21,159.21,16451800
1095,2019-01-28,BABA,157.8,159.69,155.3,158.92,158.92,10141100
1096,2019-01-29,BABA,159.04,160.38,155.92,156.88,156.88,18348200
1097,2019-01-30,BABA,161.29,167.84,160.5,166.82,166.82,36997700
1098,2019-01-31,BABA,167.8,169.73,165.7,168.49,168.49,21219500
1099,2019-02-01,BABA,168.0,169.4,167.63,167.97,167.97,10771500
1100,2019-02-04,BABA,166.32,167.55,165.61,166.7,166.7,7380400
1101,2019-02-05,BABA,168.55,171.95,168.0,171.83,171.83,12801800
1102,2019-02-06,BABA,171.86,173.09,169.99,171.52,171.52,11267800
1103,2019-02-07,BABA,169.16,169.61,164.34,166.96,166.96,11911100
1104,2019-02-08,BABA,163.83,167.65,163.75,167.36,167.36,8331500
1105,2019-02-11,BABA,168.85,170.33,167.45,167.45,167.45,7260300
1106,2019-02-12,BABA,169.6,170.49,168.61,168.71,168.71,8594400
1107,2019-02-13,BABA,169.91,171.05,168.99,169.4,169.4,8661800
1108,2019-02-14,BABA,167.64,168.5,166.61,168.38,168.38,8722100
1109,2019-02-15,BABA,168.61,168.77,165.41,166.15,166.15,12099500
1110,2019-02-19,BABA,166.98,171.15,166.5,170.18,170.18,12982300
1111,2019-02-20,BABA,171.0,172.68,170.61,170.71,170.71,12454900
1112,2019-02-21,BABA,171.0,171.78,169.8,171.66,171.66,8434800
1113,2019-02-22,BABA,172.8,177.02,172.52,176.92,176.92,16175600
1114,2019-02-25,BABA,181.26,183.72,180.73,183.25,183.25,22831800
1115,2019-02-26,BABA,179.79,184.35,179.37,183.54,183.54,13871000
1116,2019-02-27,BABA,181.72,184.93,180.88,184.58,184.58,16741600
1117,2019-02-28,BABA,183.01,184.3,181.47,183.03,183.03,12370400
1118,2019-03-01,BABA,185.09,186.9,183.38,183.88,183.88,14348500
1119,2019-03-04,BABA,186.0,187.34,184.46,187.25,187.25,14761700
1120,2019-03-05,BABA,186.94,188.08,185.0,185.0,185.0,11513200
1121,2019-03-06,BABA,184.38,185.59,183.02,184.17,184.17,10009100
1122,2019-03-07,BABA,180.91,181.8,176.73,177.32,177.32,16488900
1123,2019-03-08,BABA,171.57,175.35,171.57,175.03,175.03,14674200
1124,2019-03-11,BABA,177.83,181.72,177.58,180.41,180.41,13764000
1125,2019-03-12,BABA,182.04,182.18,179.51,180.63,180.63,8660000
1126,2019-03-13,BABA,180.73,182.54,179.26,180.7,180.7,8868200
1127,2019-03-14,BABA,179.06,180.82,178.01,180.36,180.36,9272000
1128,2019-03-15,BABA,180.66,181.45,179.66,180.97,180.97,10844100
1129,2019-03-18,BABA,181.93,182.89,180.76,181.83,181.83,7847800
1130,2019-03-19,BABA,181.63,183.36,180.85,182.14,182.14,10238600
1131,2019-03-20,BABA,180.94,181.95,178.43,181.28,181.28,15901500
1132,2019-03-21,BABA,178.95,181.73,178.52,181.5,181.5,9754500
1133,2019-03-22,BABA,179.77,180.48,175.34,176.26,176.26,11688400
1134,2019-03-25,BABA,174.33,178.9,174.1,178.77,178.77,7511400
1135,2019-03-26,BABA,179.7,180.65,177.1,178.08,178.08,7897900
1136,2019-03-27,BABA,177.7,179.83,176.91,177.03,177.03,8371000
1137,2019-03-28,BABA,177.47,178.53,175.97,177.73,177.73,7233000
1138,2019-03-29,BABA,180.73,182.6,179.0,182.45,182.45,13850900
1139,2019-04-01,BABA,185.09,185.56,180.89,180.89,180.89,12714800
1140,2019-04-02,BABA,181.46,183.56,180.95,181.74,181.74,8021500
1141,2019-04-03,BABA,179.51,180.7,176.76,178.32,178.32,26819000
1142,2019-04-04,BABA,177.04,181.96,176.89,181.07,181.07,16993200
1143,2019-04-05,BABA,182.51,185.5,182.0,185.35,185.35,18705000
1144,2019-04-08,BABA,184.19,187.82,184.01,186.5,186.5,14725600
1145,2019-04-09,BABA,186.49,187.89,186.16,187.19,187.19,11578200
1146,2019-04-10,BABA,186.69,187.4,184.0,186.19,186.19,10655000
1147,2019-04-11,BABA,185.15,186.06,183.75,184.98,184.98,8900300
1148,2019-04-12,BABA,187.71,189.79,187.14,188.91,188.91,12600000
1149,2019-04-15,BABA,188.06,188.17,182.56,183.07,183.07,14616600
1150,2019-04-16,BABA,185.55,185.79,183.4,185.78,185.78,12195900
1151,2019-04-17,BABA,187.34,188.2,185.78,187.55,187.55,11614200
1152,2019-04-18,BABA,186.41,187.28,185.39,186.94,186.94,7882500
1153,2019-04-22,BABA,184.5,186.47,183.61,185.38,185.38,8677800
1154,2019-04-23,BABA,186.0,188.15,185.44,187.29,187.29,11410600
1155,2019-04-24,BABA,186.76,186.9,184.58,185.67,185.67,9085300
1156,2019-04-25,BABA,185.24,188.13,183.96,187.88,187.88,10328900
1157,2019-04-26,BABA,187.88,188.74,185.51,187.09,187.09,9421100
1158,2019-04-29,BABA,187.42,188.0,185.76,186.94,186.94,8660600
1159,2019-04-30,BABA,186.3,188.25,183.82,185.57,185.57,15076500
1160,2019-05-01,BABA,186.75,193.2,185.88,189.31,189.31,17397500
1161,2019-05-02,BABA,189.42,192.7,186.65,190.39,190.39,11468100
1162,2019-05-03,BABA,191.88,195.72,191.88,195.21,195.21,14521100
1163,2019-05-06,BABA,185.17,189.0,184.83,188.24,188.24,23941200
1164,2019-05-07,BABA,186.05,186.45,179.63,181.43,181.43,22663200
1165,2019-05-08,BABA,180.95,183.2,178.58,179.59,179.59,16611100
1166,2019-05-09,BABA,175.43,180.7,173.07,179.04,179.04,22727800
1167,2019-05-10,BABA,180.18,180.79,174.1,178.0,178.0,18987000
1168,2019-05-13,BABA,169.79,172.47,168.78,170.01,170.01,22330700
1169,2019-05-14,BABA,172.75,175.15,171.48,174.84,174.84,17874100
1170,2019-05-15,BABA,177.06,180.24,173.32,177.6,177.6,37610400
1171,2019-05-16,BABA,178.18,178.25,174.75,175.57,175.57,20579200
1172,2019-05-17,BABA,171.69,172.29,168.49,169.57,169.57,22539400
1173,2019-05-20,BABA,164.44,164.57,160.02,160.65,160.65,33413800
1174,2019-05-21,BABA,163.16,165.59,162.52,163.43,163.43,22006100
1175,2019-05-22,BABA,162.41,162.82,158.07,158.83,158.83,25831200
1176,2019-05-23,BABA,155.45,158.48,154.41,156.0,156.0,26891900
1177,2019-05-24,BABA,157.62,158.43,154.9,155.0,155.0,21489700
1178,2019-05-28,BABA,156.4,157.07,153.22,154.81,154.81,38603000
1179,2019-05-29,BABA,153.58,154.38,150.71,152.48,152.48,30073100
1180,2019-05-30,BABA,152.36,153.37,150.25,151.07,151.07,17344700
1181,2019-05-31,BABA,149.63,150.68,147.95,149.26,149.26,26881200
1182,2019-06-03,BABA,149.6,151.77,148.85,149.91,149.91,25254400
1183,2019-06-04,BABA,151.56,155.2,150.64,154.15,154.15,27417200
1184,2019-06-05,BABA,155.17,156.11,149.31,151.65,151.65,23208600
1185,2019-06-06,BABA,152.0,152.7,150.57,151.5,151.5,15763000
1186,2019-06-07,BABA,152.95,155.69,152.21,154.23,154.23,17817800
1187,2019-06-10,BABA,158.78,161.98,157.4,159.85,159.85,36473300
1188,2019-06-11,BABA,164.2,165.68,161.93,162.65,162.65,23408400
1189,2019-06-12,BABA,160.47,161.7,158.81,160.04,160.04,16312300
1190,2019-06-13,BABA,160.55,161.32,159.8,160.33,160.33,17571400
1191,2019-06-14,BABA,158.37,158.71,157.23,158.1,158.1,14981600
1192,2019-06-17,BABA,157.53,160.55,157.42,159.91,159.91,16079800
1193,2019-06-18,BABA,162.89,169.11,161.95,165.51,165.51,35754800
1194,2019-06-19,BABA,167.77,167.9,163.42,165.46,165.46,20798100
1195,2019-06-20,BABA,170.19,170.48,166.27,168.25,168.25,24004700
1196,2019-06-21,BABA,167.48,169.47,166.77,167.55,167.55,17415800
1197,2019-06-24,BABA,168.4,168.88,165.78,168.1,168.1,18422600
1198,2019-06-25,BABA,167.04,167.34,164.62,165.8,165.8,20439200
1199,2019-06-26,BABA,168.28,171.24,168.15,168.99,168.99,22416400
1200,2019-06-27,BABA,170.62,171.98,169.38,170.9,170.9,18349400
1201,2019-06-28,BABA,170.2,170.89,167.96,169.45,169.45,19974300
1202,2019-07-01,BABA,175.87,177.95,174.36,175.05,175.05,25911000
1203,2019-07-02,BABA,175.13,175.55,174.25,175.45,175.45,14155200
1204,2019-07-03,BABA,175.69,175.85,173.85,174.67,174.67,8532600
1205,2019-07-05,BABA,173.75,173.82,172.82,173.3,173.3,12618600
1206,2019-07-08,BABA,170.09,170.28,168.35,168.45,168.45,16531000
1207,2019-07-09,BABA,167.09,168.98,166.5,168.8,168.8,15782800
1208,2019-07-10,BABA,171.24,171.37,166.86,166.93,166.93,16675600
1209,2019-07-11,BABA,167.56,168.42,165.0,166.55,166.55,14796400
1210,2019-07-12,BABA,168.0,170.2,167.65,169.07,169.07,18103600
1211,2019-07-15,BABA,171.5,173.75,170.42,173.5,173.5,22199000
1212,2019-07-16,BABA,174.2,175.52,173.46,174.19,174.19,19039700
1213,2019-07-17,BABA,172.75,176.22,172.49,174.82,174.82,15031600
1214,2019-07-18,BABA,173.41,174.4,172.06,172.8,172.8,15613200
1215,2019-07-19,BABA,174.87,175.15,172.99,172.99,172.99,13647200
1216,2019-07-22,BABA,173.5,174.28,171.44,174.0,174.0,18490900
1217,2019-07-23,BABA,175.39,178.64,174.85,178.09,178.09,20881500
1218,2019-07-24,BABA,178.0,178.96,176.94,178.67,178.67,14933100
1219,2019-07-25,BABA,178.49,179.15,175.37,177.29,177.29,14049000
1220,2019-07-26,BABA,178.25,179.4,176.88,178.74,178.74,15281000
1221,2019-07-29,BABA,178.43,179.88,175.35,177.02,177.02,15130300
1222,2019-07-30,BABA,174.25,175.71,172.89,174.1,174.1,14300600
1223,2019-07-31,BABA,173.71,174.89,170.09,173.11,173.11,14628900
1224,2019-08-01,BABA,174.54,175.71,162.1,165.65,165.65,32728200
1225,2019-08-02,BABA,162.56,163.85,160.35,161.0,161.0,27104700
1226,2019-08-05,BABA,155.03,157.23,151.85,153.67,153.67,28912600
1227,2019-08-06,BABA,158.48,158.73,156.11,157.43,157.43,24996300
1228,2019-08-07,BABA,155.73,159.48,155.3,159.17,159.17,17917400
1229,2019-08-08,BABA,161.71,162.3,159.12,162.22,162.22,19267700
1230,2019-08-09,BABA,160.98,161.99,159.11,159.12,159.12,11894300
1231,2019-08-12,BABA,157.5,159.38,155.54,159.31,159.31,14424400
1232,2019-08-13,BABA,160.64,167.36,159.57,164.03,164.03,22842900
1233,2019-08-14,BABA,161.34,163.0,159.21,162.06,162.06,20803700
1234,2019-08-15,BABA,170.11,171.0,164.36,166.97,166.97,36343500
1235,2019-08-16,BABA,170.0,177.55,168.57,174.6,174.6,25952500
1236,2019-08-19,BABA,177.43,178.8,175.59,178.28,178.28,16012800
1237,2019-08-20,BABA,175.91,177.99,175.62,177.21,177.21,10338100
1238,2019-08-21,BABA,177.22,178.5,174.89,175.24,175.24,10615700
1239,2019-08-22,BABA,174.1,174.98,170.5,171.91,171.91,11568900
1240,2019-08-23,BABA,169.69,171.49,163.83,164.54,164.54,20871500
1241,2019-08-26,BABA,166.49,167.45,165.53,165.9,165.9,8640500
1242,2019-08-27,BABA,167.2,168.19,165.19,166.2,166.2,12777600
1243,2019-08-28,BABA,164.64,168.0,164.2,167.48,167.48,9507400
1244,2019-08-29,BABA,171.0,173.96,170.95,172.81,172.81,11565400
1245,2019-08-30,BABA,174.35,175.25,172.66,175.03,175.03,10293400
1246,2019-09-03,BABA,173.0,174.72,172.15,172.41,172.41,8499300
1247,2019-09-04,BABA,176.26,176.55,173.99,174.33,174.33,7208900
1248,2019-09-05,BABA,176.88,178.95,176.52,178.94,178.94,11154300
1249,2019-09-06,BABA,179.01,179.22,176.21,176.69,176.69,8304000
1250,2019-09-09,BABA,177.88,177.99,175.86,177.78,177.78,6931700
1251,2019-09-10,BABA,176.28,176.3,172.22,174.99,174.99,9835000
1252,2019-09-11,BABA,176.0,176.66,174.15,176.09,176.09,7039300
1253,2019-09-12,BABA,177.89,180.5,177.0,178.24,178.24,12509400
1254,2019-09-13,BABA,179.74,180.18,178.61,179.17,179.17,9479700
1255,2019-09-16,BABA,177.75,179.17,175.37,177.07,177.07,10725100
1256,2019-09-17,BABA,176.85,179.12,176.05,179.0,179.0,7481000
1257,2019-09-18,BABA,179.15,180.17,177.58,180.0,180.0,9233300
1258,2019-09-19,BABA,180.9,184.13,180.43,180.46,180.46,15119800
1259,2019-09-20,BABA,182.31,183.82,178.84,182.51,182.51,24517800
1260,2019-09-23,BABA,181.25,181.33,176.8,176.98,176.98,14047400
1261,2019-09-24,BABA,179.17,179.49,171.3,171.55,171.55,14324600
1262,2019-09-25,BABA,172.3,176.99,171.72,176.66,176.66,11766400
1263,2019-09-26,BABA,177.0,178.23,174.83,175.0,175.0,9982400
1264,2019-09-27,BABA,176.0,176.5,163.15,165.98,165.98,33287500
1265,2019-09-30,BABA,169.89,170.2,166.45,167.23,167.23,14866800
1266,2019-10-01,BABA,168.01,168.23,163.64,165.15,165.15,14155500
1267,2019-10-02,BABA,162.82,166.88,161.9,165.77,165.77,11526500
1268,2019-10-03,BABA,166.65,170.18,165.0,169.48,169.48,10305000
1269,2019-10-04,BABA,169.6,170.7,167.56,170.34,170.34,8715200
1270,2019-10-07,BABA,168.83,172.3,167.21,168.32,168.32,11993000
1271,2019-10-08,BABA,164.3,165.22,161.68,161.93,161.93,15833100
1272,2019-10-09,BABA,165.5,166.58,163.42,165.19,165.19,10943100
1273,2019-10-10,BABA,165.96,168.57,164.09,166.07,166.07,11462400
1274,2019-10-11,BABA,170.77,174.88,169.57,172.94,172.94,19247400
1275,2019-10-14,BABA,172.84,173.34,170.79,171.16,171.16,7667600
1276,2019-10-15,BABA,172.91,176.75,172.69,175.29,175.29,13753000
1277,2019-10-16,BABA,175.8,177.35,174.12,177.12,177.12,10858700
1278,2019-10-17,BABA,178.0,178.59,175.23,176.85,176.85,8020600
1279,2019-10-18,BABA,176.0,176.23,169.0,169.13,169.13,14575700
1280,2019-10-21,BABA,172.64,173.91,170.87,173.52,173.52,8970800
1281,2019-10-22,BABA,174.53,175.36,169.26,169.89,169.89,10867100
1282,2019-10-23,BABA,170.45,171.04,168.12,169.92,169.92,8853700
1283,2019-10-24,BABA,171.28,172.75,170.21,172.55,172.55,7397700
1284,2019-10-25,BABA,171.56,175.81,170.88,174.31,174.31,9891800
1285,2019-10-28,BABA,176.5,179.64,176.41,178.68,178.68,11739600
1286,2019-10-29,BABA,177.06,177.74,175.44,176.89,176.89,8026400
1287,2019-10-30,BABA,175.42,177.88,173.94,177.53,177.53,10213200
1288,2019-10-31,BABA,179.16,179.24,175.5,176.67,176.67,15119000
1289,2019-11-01,BABA,179.01,182.12,176.06,176.46,176.46,28924100
1290,2019-11-04,BABA,180.66,182.4,178.02,179.69,179.69,44541200
1291,2019-11-05,BABA,181.42,183.2,180.31,182.0,182.0,23690200
1292,2019-11-06,BABA,183.61,185.0,182.2,184.16,184.16,14834900
1293,2019-11-07,BABA,187.07,188.07,184.69,186.66,186.66,20162600
1294,2019-11-08,BABA,187.9,188.28,185.15,187.16,187.16,19718100
1295,2019-11-11,BABA,184.82,187.2,181.37,186.71,186.71,20561500
1296,2019-11-12,BABA,185.91,187.65,185.14,186.97,186.97,11797600
1297,2019-11-13,BABA,185.47,185.67,181.0,182.48,182.48,14977700
1298,2019-11-14,BABA,182.87,184.5,181.32,182.8,182.8,12712800
1299,2019-11-15,BABA,184.0,185.6,183.71,185.49,185.49,11296400
1300,2019-11-18,BABA,186.98,186.98,184.16,184.61,184.61,11822900
1301,2019-11-19,BABA,186.31,186.71,183.87,185.25,185.25,13407200
1302,2019-11-20,BABA,183.67,183.7,181.06,182.35,182.35,16684600
1303,2019-11-21,BABA,181.77,184.89,181.6,184.86,184.86,10254700
1304,2019-11-22,BABA,185.8,186.78,183.93,186.78,186.78,10541000
1305,2019-11-25,BABA,188.32,190.72,187.88,190.45,190.45,19157700
1306,2019-11-26,BABA,190.39,195.0,189.04,194.7,194.7,51832300
1307,2019-11-27,BABA,197.24,200.98,197.0,200.82,200.82,33040500
1308,2019-11-29,BABA,199.81,200.43,198.35,200.0,200.0,18593100
1309,2019-12-02,BABA,198.58,198.67,193.51,196.31,196.31,19357700
1310,2019-12-03,BABA,190.97,195.0,189.85,194.9,194.9,18355300
1311,2019-12-04,BABA,195.53,196.66,193.23,193.74,193.74,14849300
1312,2019-12-05,BABA,196.93,200.94,196.43,200.0,200.0,22290200
1313,2019-12-06,BABA,201.11,202.0,199.51,201.89,201.89,14087300
1314,2019-12-09,BABA,200.32,203.43,198.55,198.74,198.74,14258100
1315,2019-12-10,BABA,200.71,202.48,199.23,200.45,200.45,11623900
1316,2019-12-11,BABA,201.1,204.8,200.72,204.64,204.64,11760000
1317,2019-12-12,BABA,203.71,206.0,202.0,204.5,204.5,22448600
1318,2019-12-13,BABA,205.76,207.1,203.77,204.91,204.91,19270400
1319,2019-12-16,BABA,206.33,209.15,206.19,206.97,206.97,16734300
1320,2019-12-17,BABA,208.69,208.87,206.82,208.18,208.18,11287600
1321,2019-12-18,BABA,208.53,210.05,208.04,210.0,210.0,13481800
1322,2019-12-19,BABA,209.61,211.37,209.23,210.13,210.13,12167300
1323,2019-12-20,BABA,211.35,213.98,210.42,212.25,212.25,26670000
1324,2019-12-23,BABA,213.25,215.05,212.91,214.83,214.83,12535000
1325,2019-12-24,BABA,215.01,215.43,213.35,214.26,214.26,5523000
1326,2019-12-26,BABA,214.65,216.99,214.33,216.38,216.38,6907100
1327,2019-12-27,BABA,217.99,218.11,215.17,215.47,215.47,11674200
1328,2019-12-30,BABA,215.78,215.78,211.76,212.91,212.91,8732600
1329,2019-12-31,BABA,212.0,213.64,210.73,212.1,212.1,6773600
1330,2020-01-02,BABA,216.6,219.98,216.54,219.77,219.77,15873500
1331,2020-01-03,BABA,216.35,218.2,216.01,217.0,217.0,8604500
1332,2020-01-06,BABA,214.89,217.16,214.09,216.64,216.64,11885500
1333,2020-01-07,BABA,217.64,218.94,216.69,217.63,217.63,9388000
1334,2020-01-08,BABA,216.6,220.65,216.32,218.0,218.0,11959100
1335,2020-01-09,BABA,221.5,223.08,220.82,221.78,221.78,13122500
1336,2020-01-10,BABA,223.9,225.96,222.06,223.83,223.83,12296000
1337,2020-01-13,BABA,228.81,231.14,227.04,230.48,230.48,17544800
1338,2020-01-14,BABA,230.05,230.18,224.88,226.49,226.49,17266900
1339,2020-01-15,BABA,226.65,227.82,224.39,225.06,225.06,10743400
1340,2020-01-16,BABA,226.3,226.33,222.73,223.94,223.94,13700500
1341,2020-01-17,BABA,225.9,228.0,225.35,227.43,227.43,12956200
1342,2020-01-21,BABA,222.45,222.6,220.73,222.26,222.26,15831100
1343,2020-01-22,BABA,224.69,225.58,222.0,222.37,222.37,10059600
1344,2020-01-23,BABA,217.93,220.13,216.77,219.13,219.13,18519900
1345,2020-01-24,BABA,218.49,219.83,211.32,213.75,213.75,18143900
1346,2020-01-27,BABA,201.22,208.02,199.5,205.47,205.47,24574700
1347,2020-01-28,BABA,209.74,210.91,207.17,210.23,210.23,16196700
1348,2020-01-29,BABA,212.56,213.98,209.52,212.02,212.02,12871900
1349,2020-01-30,BABA,207.88,209.86,205.03,208.58,208.58,14376000
1350,2020-01-31,BABA,206.5,207.93,204.73,206.59,206.59,18181400
1351,2020-02-03,BABA,208.67,215.02,208.67,213.1,213.1,14131900
1352,2020-02-04,BABA,221.35,224.38,220.49,222.88,222.88,16695100
1353,2020-02-05,BABA,226.52,226.7,217.54,220.22,220.22,15766100
1354,2020-02-06,BABA,223.13,223.65,219.78,220.9,220.9,10790800
1355,2020-02-07,BABA,217.46,217.84,214.88,216.53,216.53,13790300
1356,2020-02-10,BABA,213.5,215.77,212.2,215.77,215.77,17420300
1357,2020-02-11,BABA,219.91,220.01,215.29,217.21,217.21,16073500
1358,2020-02-12,BABA,221.13,225.52,220.21,224.31,224.31,18671900
1359,2020-02-13,BABA,220.0,225.0,218.99,220.36,220.36,28069700
1360,2020-02-14,BABA,221.1,221.64,218.23,219.63,219.63,10690000
1361,2020-02-18,BABA,218.55,220.85,217.51,220.52,220.52,12987000
1362,2020-02-19,BABA,221.52,223.56,220.75,222.14,222.14,10798100
1363,2020-02-20,BABA,222.5,222.5,214.22,218.04,218.04,14950100
1364,2020-02-21,BABA,217.54,217.6,211.56,212.59,212.59,17681200
1365,2020-02-24,BABA,203.55,207.28,202.51,206.16,206.16,19380200
1366,2020-02-25,BABA,208.51,209.95,204.1,205.61,205.61,18132400
1367,2020-02-26,BABA,206.8,213.08,206.79,208.74,208.74,19482100
1368,2020-02-27,BABA,205.01,209.97,201.86,205.03,205.03,22643900
1369,2020-02-28,BABA,198.98,208.92,198.56,208.0,208.0,31276200
1370,2020-03-02,BABA,208.59,211.11,203.76,210.98,210.98,21542200
1371,2020-03-03,BABA,211.08,211.39,202.24,207.41,207.41,20813800
1372,2020-03-04,BABA,209.49,212.7,208.85,211.96,211.96,12474400
1373,2020-03-05,BABA,210.0,215.15,209.14,211.46,211.46,13462900
1374,2020-03-06,BABA,206.7,207.0,201.1,204.64,204.64,21700500
1375,2020-03-09,BABA,195.62,199.89,193.93,197.66,197.66,25502600
1376,2020-03-10,BABA,205.53,207.45,200.8,206.39,206.39,19022600
1377,2020-03-11,BABA,201.65,203.1,196.11,198.91,198.91,18908200
1378,2020-03-12,BABA,186.5,190.49,183.93,185.1,185.1,30247100
1379,2020-03-13,BABA,194.9,195.99,187.81,194.0,194.0,23650500
1380,2020-03-16,BABA,176.15,188.0,174.5,178.85,178.85,26628500
1381,2020-03-17,BABA,181.26,189.39,179.69,184.81,184.81,19276500
1382,2020-03-18,BABA,176.0,182.41,170.0,180.0,180.0,22054200
1383,2020-03-19,BABA,179.26,187.25,177.39,180.88,180.88,20905700
1384,2020-03-20,BABA,187.74,188.3,180.0,181.3,181.3,21006100
1385,2020-03-23,BABA,175.27,178.5,169.95,176.34,176.34,22554700
1386,2020-03-24,BABA,183.09,188.8,181.18,185.75,185.75,20801500
1387,2020-03-25,BABA,185.82,195.19,184.51,188.56,188.56,19605200
1388,2020-03-26,BABA,188.64,196.32,187.6,195.32,195.32,15416800
1389,2020-03-27,BABA,189.97,192.74,188.0,188.59,188.59,13376400
1390,2020-03-30,BABA,187.48,191.48,187.01,191.27,191.27,12254400
1391,2020-03-31,BABA,192.0,196.79,190.6,194.48,194.48,19084800
1392,2020-04-01,BABA,189.5,192.87,185.04,187.56,187.56,17948600
1393,2020-04-02,BABA,186.08,191.3,185.69,188.9,188.9,13412100
1394,2020-04-03,BABA,190.12,190.55,185.41,187.11,187.11,9483100
1395,2020-04-06,BABA,194.74,196.88,192.7,196.45,196.45,13248700
1396,2020-04-07,BABA,200.05,201.45,197.05,198.0,198.0,14934500
1397,2020-04-08,BABA,198.34,198.86,193.88,195.98,195.98,13608000
1398,2020-04-09,BABA,198.65,200.35,193.4,196.37,196.37,17821300
1399,2020-04-13,BABA,197.4,200.32,195.53,199.44,199.44,16117900
1400,2020-04-14,BABA,204.95,207.97,204.25,204.78,204.78,16757100
1401,2020-04-15,BABA,204.77,209.15,201.31,208.17,208.17,10768100
1402,2020-04-16,BABA,210.53,213.25,209.12,212.66,212.66,16353800
1403,2020-04-17,BABA,214.98,214.98,208.85,209.5,209.5,13558500
1404,2020-04-20,BABA,209.87,216.1,209.36,212.13,212.13,19295400
1405,2020-04-21,BABA,209.9,212.13,205.03,207.34,207.34,14107600
1406,2020-04-22,BABA,212.0,212.0,209.21,209.96,209.96,13486100
1407,2020-04-23,BABA,210.24,210.56,203.46,205.24,205.24,20424000
1408,2020-04-24,BABA,205.89,206.5,202.82,204.36,204.36,14682400
1409,2020-04-27,BABA,207.55,207.78,202.03,203.69,203.69,17286800
1410,2020-04-28,BABA,204.81,205.19,199.41,201.15,201.15,17203800
1411,2020-04-29,BABA,202.93,207.08,202.51,206.7,206.7,19117800
1412,2020-04-30,BABA,206.25,206.7,199.29,202.67,202.67,20094400
1413,2020-05-01,BABA,195.75,197.38,192.86,194.48,194.48,22276200
1414,2020-05-04,BABA,194.76,195.0,189.53,191.15,191.15,25709400
1415,2020-05-05,BABA,196.38,198.27,194.2,195.02,195.02,22957200
1416,2020-05-06,BABA,197.67,198.91,194.93,195.17,195.17,18598900
1417,2020-05-07,BABA,198.0,198.09,194.78,196.49,196.49,16164600
1418,2020-05-08,BABA,199.8,203.02,198.68,201.19,201.19,23830100
1419,2020-05-11,BABA,202.78,206.64,202.38,205.4,205.4,17883700
1420,2020-05-12,BABA,206.95,208.05,200.02,200.31,200.31,17826800
1421,2020-05-13,BABA,203.62,204.68,197.98,199.46,199.46,22429700
1422,2020-05-14,BABA,195.5,201.77,194.03,201.3,201.3,20025900
1423,2020-05-15,BABA,200.7,204.49,200.1,203.68,203.68,17209500
1424,2020-05-18,BABA,212.5,215.47,210.37,215.28,215.28,23646800
1425,2020-05-19,BABA,216.73,220.59,215.19,217.2,217.2,21438100
1426,2020-05-20,BABA,220.0,221.16,210.58,216.79,216.79,38324100
1427,2020-05-21,BABA,211.29,214.58,209.53,212.16,212.16,29850700
1428,2020-05-22,BABA,203.23,204.88,198.99,199.7,199.7,51979300
1429,2020-05-26,BABA,205.94,206.8,201.0,201.72,201.72,28683200
1430,2020-05-27,BABA,202.99,202.99,196.75,201.18,201.18,23605400
1431,2020-05-28,BABA,199.0,202.37,197.62,199.49,199.49,18763200
1432,2020-05-29,BABA,200.0,207.88,196.7,207.39,207.39,43211500
1433,2020-06-01,BABA,205.9,207.2,203.94,206.57,206.57,16169700
1434,2020-06-02,BABA,207.21,214.57,207.17,214.33,214.33,22485800
1435,2020-06-03,BABA,215.6,218.97,213.75,218.61,218.61,19999500
1436,2020-06-04,BABA,217.28,220.0,216.32,218.04,218.04,14962400
1437,2020-06-05,BABA,220.0,220.59,218.7,219.55,219.55,11975100
1438,2020-06-08,BABA,219.6,220.4,215.33,219.0,219.0,12731200
1439,2020-06-09,BABA,216.31,220.72,216.2,220.72,220.72,14140100
1440,2020-06-10,BABA,222.0,225.0,220.6,223.68,223.68,13372400
1441,2020-06-11,BABA,218.0,219.95,213.56,215.24,215.24,15560300
1442,2020-06-12,BABA,218.5,219.5,213.88,217.64,217.64,12707600
1443,2020-06-15,BABA,214.11,217.72,212.75,217.03,217.03,17419900
1444,2020-06-16,BABA,221.0,224.84,220.1,222.62,222.62,17212400
1445,2020-06-17,BABA,224.4,225.0,222.5,224.25,224.25,12475400
1446,2020-06-18,BABA,223.74,226.03,222.92,223.54,223.54,10358800
1447,2020-06-19,BABA,226.38,226.5,220.09,220.64,220.64,19538700
1448,2020-06-22,BABA,220.92,222.08,219.45,221.41,221.41,13303600
1449,2020-06-23,BABA,225.12,230.23,224.53,228.75,228.75,18263400
1450,2020-06-24,BABA,228.3,231.03,224.25,226.22,226.22,12159500
1451,2020-06-25,BABA,224.59,224.69,220.87,222.16,222.16,14953100
1452,2020-06-26,BABA,222.21,222.26,213.5,215.71,215.71,19328900
1453,2020-06-29,BABA,215.03,216.5,211.82,215.02,215.02,12333000
1454,2020-06-30,BABA,215.74,216.43,212.89,215.7,215.7,12933800
1455,2020-07-01,BABA,215.81,216.55,214.74,215.95,215.95,11788100
1456,2020-07-02,BABA,221.85,225.02,220.06,223.6,223.6,18128700
