Date,NYSE:Â MMM
2008-01-02,24.16129493713379
2008-01-03,24.172449111938477
2008-01-04,22.327251434326172
2008-01-07,22.028392791748047
2008-01-08,21.235990524291992
2008-01-09,22.246644973754883
2008-01-10,22.075515747070312
2008-01-11,21.414567947387695
2008-01-14,22.169761657714844
2008-01-15,20.961944580078125
2008-01-16,19.79629135131836
2008-01-17,19.951295852661133
2008-01-18,20.00957489013672
2008-01-22,19.300268173217773
2008-01-23,17.2454891204834
2008-01-24,16.8151912689209
2008-01-25,16.121997833251953
2008-01-28,16.121997833251953
2008-01-29,16.311723709106445
2008-01-30,16.391098022460938
2008-01-31,16.785425186157227
2008-02-01,16.585784912109375
2008-02-04,16.325366973876953
2008-02-05,16.0413875579834
2008-02-06,15.128710746765137
2008-02-07,15.034468650817871
2008-02-08,15.560250282287598
2008-02-11,16.05255699157715
2008-02-12,15.483366966247559
2008-02-13,16.046354293823242
2008-02-14,15.80578327178955
2008-02-15,15.454845428466797
2008-02-19,15.151030540466309
2008-02-20,15.354403495788574
2008-02-21,15.071671485900879
2008-02-22,14.813737869262695
2008-02-25,14.848459243774414
2008-02-26,14.775293350219727
2008-02-27,15.247758865356445
2008-02-28,16.10959243774414
2008-02-29,15.503209114074707
2008-03-03,15.095232963562012
2008-03-04,15.453603744506836
2008-03-05,15.43748950958252
2008-03-06,14.996027946472168
2008-03-07,15.159712791442871
2008-03-10,14.842253684997559
2008-03-11,15.792145729064941
2008-03-12,15.628456115722656
2008-03-13,15.86530876159668
2008-03-14,15.700379371643066
2008-03-17,15.715261459350586
2008-03-18,16.470447540283203
2008-03-19,16.079835891723633
2008-03-20,16.52625274658203
2008-03-24,17.302536010742188
2008-03-25,17.48233985900879
2008-03-26,17.98828887939453
2008-03-27,17.391817092895508
2008-03-28,17.73407745361328
2008-03-31,17.794837951660156
2008-04-01,18.542591094970703
2008-04-02,18.289623260498047
2008-04-03,18.80052947998047
2008-04-04,18.98281478881836
2008-04-07,19.331266403198242
2008-04-08,18.95305061340332
2008-04-09,18.779443740844727
2008-04-10,19.165096282958984
2008-04-11,18.246217727661133
2008-04-14,18.325580596923828
2008-04-15,18.399980545043945
2008-04-16,19.059703826904297
2008-04-17,19.15766143798828
2008-04-18,19.969900131225586
2008-04-21,20.852819442749023
2008-04-22,19.865734100341797
2008-04-23,20.199310302734375
2008-04-24,20.94954490661621
2008-04-25,21.047510147094727
2008-04-28,21.358762741088867
2008-04-29,21.707218170166016
2008-04-30,21.57081413269043
2008-05-01,22.32105255126953
2008-05-02,22.437620162963867
2008-05-05,22.907596588134766
2008-05-06,23.146926879882812
2008-05-07,22.642227172851562
2008-05-08,22.948516845703125
2008-05-09,22.748863220214844
2008-05-12,23.332935333251953
2008-05-13,23.556148529052734
2008-05-14,23.097328186035156
2008-05-15,23.52762794494629
2008-05-16,23.265972137451172
2008-05-19,22.767471313476562
2008-05-20,23.052684783935547
2008-05-21,22.096595764160156
2008-05-22,21.955236434936523
2008-05-23,22.466135025024414
2008-05-27,23.1184024810791
2008-05-28,23.190324783325195
2008-05-29,23.150646209716797
2008-05-30,23.40610122680664
2008-06-02,23.077491760253906
2008-06-03,22.986957550048828
2008-06-04,22.964641571044922
2008-06-05,23.490421295166016
2008-06-06,23.020442962646484
2008-06-09,22.52069854736328
2008-06-10,23.020442962646484
2008-06-11,22.421491622924805
2008-06-12,21.485248565673828
2008-06-13,21.37488555908203
2008-06-16,21.92919158935547
2008-06-17,22.498374938964844
2008-06-18,22.166040420532227
2008-06-19,22.43265724182129
2008-06-20,21.734506607055664
2008-06-23,21.472848892211914
2008-06-24,21.484006881713867
2008-06-25,21.99739646911621
2008-06-26,20.865224838256836
2008-06-27,21.092153549194336
2008-06-30,20.76353645324707
2008-07-01,21.661334991455078
2008-07-02,20.855304718017578
2008-07-03,21.095869064331055
2008-07-07,21.720857620239258
2008-07-08,22.265249252319336
2008-07-09,21.60801887512207
2008-07-10,21.903148651123047
2008-07-11,21.400924682617188
2008-07-14,21.562131881713867
2008-07-15,21.036346435546875
2008-07-16,21.42945098876953
2008-07-17,21.30544090270996
2008-07-18,20.479557037353516
2008-07-21,20.620929718017578
2008-07-22,20.09142303466797
2008-07-23,20.617210388183594
2008-07-24,19.720643997192383
2008-07-25,20.10382080078125
2008-07-28,19.146501541137695
2008-07-29,19.47883415222168
2008-07-30,19.826051712036133
2008-07-31,19.71072769165039
2008-08-01,19.4267520904541
2008-08-04,19.00141143798828
2008-08-05,19.9202938079834
2008-08-06,20.360523223876953
2008-08-07,20.28363609313965
2008-08-08,21.025188446044922
2008-08-11,21.522449493408203
2008-08-12,21.915552139282227
2008-08-13,22.2342472076416
2008-08-14,22.236722946166992
2008-08-15,21.792789459228516
2008-08-18,21.7493839263916
2008-08-19,21.518728256225586
2008-08-20,21.805185317993164
2008-08-21,21.612972259521484
2008-08-22,21.92298698425293
2008-08-25,21.39720916748047
2008-08-26,21.532379150390625
2008-08-27,21.660104751586914
2008-08-28,21.544771194458008
2008-08-29,21.022714614868164
2008-09-02,20.608530044555664
2008-09-03,20.704011917114258
2008-09-04,19.992219924926758
2008-09-05,19.863252639770508
2008-09-08,19.583003997802734
2008-09-09,18.809202194213867
2008-09-10,18.80052947998047
2008-09-11,18.929487228393555
2008-09-12,18.469430923461914
2008-09-15,17.405452728271484
2008-09-16,17.34593391418457
2008-09-17,15.851669311523438
2008-09-18,16.6279354095459
2008-09-19,17.47365951538086
2008-09-22,16.250967025756836
2008-09-23,15.728899002075195
2008-09-24,15.960795402526855
2008-09-25,16.360090255737305
2008-09-26,15.902510643005371
2008-09-29,13.052852630615234
2008-09-30,14.094501495361328
2008-10-01,13.531516075134277
2008-10-02,12.412983894348145
2008-10-03,12.037246704101562
2008-10-06,12.16993236541748
2008-10-07,11.05636215209961
2008-10-08,11.13448429107666
2008-10-09,11.004278182983398
2008-10-10,12.003768920898438
2008-10-13,13.672882080078125
2008-10-14,12.906526565551758
2008-10-15,12.146369934082031
2008-10-16,12.634954452514648
2008-10-17,12.078170776367188
2008-10-20,12.207131385803223
2008-10-21,11.345293998718262
2008-10-22,12.012446403503418
2008-10-23,12.1810941696167
2008-10-24,11.951683044433594
2008-10-27,11.419695854187012
2008-10-28,12.389421463012695
2008-10-29,12.96480941772461
2008-10-30,13.76960563659668
2008-10-31,13.34178638458252
2008-11-03,13.263664245605469
2008-11-04,13.763406753540039
2008-11-05,12.80980110168457
2008-11-06,12.28897762298584
2008-11-07,12.18233585357666
2008-11-10,11.889679908752441
2008-11-11,11.752032279968262
2008-11-12,11.175405502319336
2008-11-13,11.959124565124512
2008-11-14,11.190286636352539
2008-11-17,10.929874420166016
2008-11-18,11.149361610412598
2008-11-19,10.700462341308594
2008-11-20,9.981229782104492
2008-11-21,10.240401268005371
2008-11-24,11.526342391967773
2008-11-25,11.259729385375977
2008-11-26,11.780555725097656
2008-11-28,11.491623878479004
2008-12-01,11.027836799621582
2008-12-02,11.466819763183594
2008-12-03,11.892162322998047
2008-12-04,11.335372924804688
2008-12-05,11.656549453735352
2008-12-08,12.365861892700195
2008-12-09,12.408024787902832
2008-12-10,12.178613662719727
2008-12-11,11.780555725097656
2008-12-12,12.186051368713379
2008-12-15,11.749553680419922
2008-12-16,11.833877563476562
2008-12-17,11.05636215209961
2008-12-18,11.089842796325684
2008-12-19,11.160526275634766
2008-12-22,10.632261276245117
2008-12-23,10.711625099182129
2008-12-24,10.54545783996582
2008-12-26,10.640941619873047
2008-12-29,10.740145683288574
2008-12-30,10.700462341308594
2008-12-31,10.58389663696289
2009-01-02,11.253527641296387
2009-01-05,11.728473663330078
2009-01-06,11.535024642944336
2009-01-07,11.285772323608398
2009-01-08,11.495339393615723
2009-01-09,11.232447624206543
2009-01-12,10.994359970092773
2009-01-13,10.876551628112793
2009-01-14,10.581416130065918
2009-01-15,10.339605331420898
2009-01-16,10.209399223327637
2009-01-20,9.697256088256836
2009-01-21,10.271402359008789
2009-01-22,10.957154273986816
2009-01-23,10.957154273986816
2009-01-26,11.115883827209473
2009-01-27,11.251047134399414
2009-01-28,11.681349754333496
2009-01-29,11.53254222869873
2009-01-30,11.176645278930664
2009-02-02,11.347772598266602
2009-02-03,11.530062675476074
2009-02-04,11.600746154785156
2009-02-05,11.961601257324219
2009-02-06,12.365861892700195
2009-02-09,12.711838722229004
2009-02-10,12.131487846374512
2009-02-11,12.006241798400879
2009-02-12,12.31005859375
2009-02-13,12.296419143676758
2009-02-17,11.722271919250488
2009-02-18,11.70242977142334
2009-02-19,11.239886283874512
2009-02-20,11.309331893920898
2009-02-23,10.782308578491211
2009-02-24,11.191526412963867
2009-02-25,11.304369926452637
2009-02-26,11.060079574584961
2009-02-27,11.074957847595215
2009-03-02,10.905071258544922
2009-03-03,10.958396911621094
2009-03-04,11.305612564086914
2009-03-05,11.016676902770996
2009-03-06,10.577698707580566
2009-03-09,10.30612564086914
2009-03-10,10.990636825561523
2009-03-11,11.4928617477417
2009-03-12,11.947962760925293
2009-03-13,11.895879745483398
2009-03-16,11.832634925842285
2009-03-17,12.358421325683594
2009-03-18,12.589073181152344
2009-03-19,12.601470947265625
2009-03-20,12.59775161743164
2009-03-23,13.350467681884766
2009-03-24,13.206621170043945
2009-03-25,13.205381393432617
2009-03-26,13.624520301818848
2009-03-27,13.25002384185791
2009-03-30,12.95737075805664
2009-03-31,13.035493850708008
2009-04-01,13.478194236755371
2009-04-02,13.976696014404297
2009-04-03,14.38343620300293
2009-04-06,14.68848991394043
2009-04-07,14.260669708251953
2009-04-08,14.424359321594238
2009-04-09,14.827376365661621
2009-04-13,14.90798282623291
2009-04-14,14.67112922668457
2009-04-15,14.588045120239258
2009-04-16,15.060502052307129
2009-04-17,15.30479621887207
2009-04-20,14.942704200744629
2009-04-21,15.09894847869873
2009-04-22,15.067946434020996
2009-04-23,15.550329208374023
2009-04-24,15.364324569702148
2009-04-27,15.467247009277344
2009-04-28,15.364324569702148
2009-04-29,15.518091201782227
2009-04-30,15.603650093078613
2009-05-01,15.778498649597168
2009-05-04,16.377452850341797
2009-05-05,16.45681381225586
2009-05-06,16.430774688720703
2009-05-07,16.004196166992188
2009-05-08,16.020313262939453
2009-05-11,16.067428588867188
2009-05-12,15.428808212280273
2009-05-13,14.817460060119629
2009-05-14,15.246512413024902
2009-05-15,15.180793762207031
2009-05-18,15.705340385437012
2009-05-19,15.804546356201172
2009-05-20,15.608616828918457
2009-05-21,15.399039268493652
2009-05-22,15.190714836120605
2009-05-26,16.217483520507812
2009-05-27,16.498973846435547
2009-05-28,16.749465942382812
2009-05-29,16.841228485107422
2009-06-01,17.280214309692383
2009-06-02,17.29757308959961
2009-06-03,17.478618621826172
2009-06-04,17.82459831237793
2009-06-05,17.939924240112305
2009-06-08,17.838239669799805
2009-06-09,17.698110580444336
2009-06-10,17.391817092895508
2009-06-11,17.354616165161133
2009-06-12,16.985074996948242
2009-06-15,16.875957489013672
2009-06-16,16.908199310302734
2009-06-17,16.812713623046875
2009-06-18,16.849905014038086
2009-06-19,17.29633331298828
2009-06-22,17.034685134887695
2009-06-23,16.618022918701172
2009-06-24,16.89207649230957
2009-06-25,17.343454360961914
2009-06-26,17.663389205932617
2009-06-29,17.60511016845703
2009-06-30,17.662147521972656
2009-07-01,17.711755752563477
2009-07-02,17.36329460144043
2009-07-06,17.188444137573242
2009-07-07,16.790393829345703
2009-07-08,17.016080856323242
2009-07-09,16.909433364868164
2009-07-10,17.17729377746582
2009-07-13,17.650985717773438
2009-07-14,17.642316818237305
2009-07-15,18.213977813720703
2009-07-16,18.2933406829834
2009-07-17,18.817886352539062
2009-07-20,18.961734771728516
2009-07-21,18.788124084472656
2009-07-22,19.436670303344727
2009-07-23,19.570602416992188
2009-07-24,19.839696884155273
2009-07-27,19.853330612182617
2009-07-28,19.8409366607666
2009-07-29,19.84465217590332
2009-07-30,20.18691635131836
2009-07-31,20.261314392089844
2009-08-03,20.63829231262207
2009-08-04,20.529172897338867
2009-08-05,20.474605560302734
2009-08-06,20.32579803466797
2009-08-07,20.524200439453125
2009-08-10,20.42624282836914
2009-08-11,20.19186782836914
2009-08-12,20.499401092529297
2009-08-13,20.885059356689453
2009-08-14,20.681692123413086
2009-08-17,19.790090560913086
2009-08-18,20.336950302124023
2009-08-19,20.41135597229004
2009-08-20,20.625890731811523
2009-08-21,20.984264373779297
2009-08-24,20.964427947998047
2009-08-25,21.006587982177734
2009-08-26,20.759817123413086
2009-08-27,21.012786865234375
2009-08-28,21.087186813354492
2009-08-31,20.859027862548828
2009-09-01,20.498159408569336
2009-09-02,20.483285903930664
2009-09-03,20.653173446655273
2009-09-04,21.119430541992188
2009-09-08,21.4443302154541
2009-09-09,21.222360610961914
2009-09-10,21.398447036743164
2009-09-11,21.348840713500977
2009-09-14,21.54229164123535
2009-09-15,21.720857620239258
2009-09-16,22.55293846130371
2009-09-17,22.885272979736328
2009-09-18,22.943557739257812
2009-09-21,22.819557189941406
2009-09-22,22.87659454345703
2009-09-23,23.003084182739258
2009-09-24,22.794750213623047
2009-09-25,22.614940643310547
2009-09-28,23.08368682861328
2009-09-29,22.98819923400879
2009-09-30,22.984481811523438
2009-10-01,22.427688598632812
2009-10-02,22.928678512573242
2009-10-05,23.06756591796875
2009-10-06,23.562345504760742
2009-10-07,23.59210968017578
2009-10-08,23.470584869384766
2009-10-09,23.619388580322266
2009-10-12,23.661550521850586
2009-10-13,23.563583374023438
2009-10-14,23.7210750579834
2009-10-15,23.630552291870117
2009-10-16,23.319297790527344
2009-10-19,23.54374885559082
2009-10-20,24.647396087646484
2009-10-21,25.411273956298828
2009-10-22,25.44599723815918
2009-10-23,25.289749145507812
2009-10-26,25.108699798583984
2009-10-27,24.475032806396484
2009-10-28,23.858722686767578
2009-10-29,24.34854507446289
2009-10-30,23.375104904174805
2009-11-02,23.475549697875977
2009-11-03,23.40610122680664
2009-11-04,23.661550521850586
2009-11-05,24.06085205078125
2009-11-06,24.099288940429688
2009-11-09,24.982215881347656
2009-11-10,25.170703887939453
2009-11-11,25.204181671142578
2009-11-12,25.047941207885742
2009-11-13,25.352991104125977
2009-11-16,25.623329162597656
2009-11-17,25.66921043395996
2009-11-18,25.54024314880371
2009-11-19,24.86440658569336
2009-11-20,24.791248321533203
2009-11-23,25.530319213867188
2009-11-24,25.351749420166016
2009-11-25,25.320751190185547
2009-11-27,24.87433433532715
2009-11-30,24.790002822875977
2009-12-01,24.425434112548828
2009-12-02,24.33366584777832
2009-12-03,24.36467170715332
2009-12-04,23.972806930541992
2009-12-07,23.430906295776367
2009-12-08,23.544984817504883
2009-12-09,24.52835464477539
2009-12-10,24.358463287353516
2009-12-11,24.140214920043945
2009-12-14,24.42667007446289
2009-12-15,24.078216552734375
2009-12-16,24.18484878540039
2009-12-17,23.791759490966797
2009-12-18,24.23446273803711
2009-12-21,24.581676483154297
2009-12-22,24.845806121826172
2009-12-23,25.06157684326172
2009-12-24,25.922182083129883
2009-12-28,26.240877151489258
2009-12-29,25.92961883544922
2009-12-30,26.24458885192871
2009-12-31,26.131752014160156
2010-01-04,26.538482666015625
2010-01-05,26.584365844726562
2010-01-06,26.161508560180664
2010-01-07,26.11314582824707
2010-01-08,26.286752700805664
2010-01-11,26.05486488342285
2010-01-12,25.758487701416016
2010-01-13,26.121826171875
2010-01-14,25.97054672241211
2010-01-15,25.53652000427246
2010-01-19,26.66621208190918
2010-01-20,26.255752563476562
2010-01-21,25.8018856048584
2010-01-22,24.52215003967285
2010-01-25,25.181865692138672
2010-01-26,25.53775978088379
2010-01-27,25.778329849243164
2010-01-28,24.713123321533203
2010-01-29,23.816572189331055
2010-02-01,24.147655487060547
2010-02-02,24.287778854370117
2010-02-03,24.70567512512207
2010-02-04,23.815322875976562
2010-02-05,24.23818016052246
2010-02-08,24.072010040283203
2010-02-09,24.328702926635742
2010-02-10,24.196022033691406
2010-02-11,24.636232376098633
2010-02-12,24.84828758239746
2010-02-16,25.2227840423584
2010-02-17,25.117380142211914
2010-02-18,25.164499282836914
2010-02-19,25.008258819580078
2010-02-22,24.85325050354004
2010-02-23,24.43659210205078
2010-02-24,24.883012771606445
2010-02-25,25.049177169799805
2010-02-26,25.374073028564453
2010-03-01,25.91597557067871
2010-03-02,25.898616790771484
2010-03-03,25.95813751220703
2010-03-04,26.1292667388916
2010-03-05,27.151081085205078
2010-03-08,27.16719627380371
2010-03-09,27.655780792236328
2010-03-10,27.881473541259766
2010-03-11,27.963319778442383
2010-03-12,28.099727630615234
2010-03-15,27.757461547851562
2010-03-16,27.833110809326172
2010-03-17,27.792186737060547
2010-03-18,27.857908248901367
2010-03-19,27.560298919677734
2010-03-22,27.870311737060547
2010-03-23,28.317975997924805
2010-03-24,28.443212509155273
2010-03-25,28.105920791625977
2010-03-26,28.63294219970703
2010-03-29,28.817705154418945
2010-03-30,29.246776580810547
2010-03-31,29.14137077331543
2010-04-01,29.26165771484375
2010-04-05,29.574146270751953
2010-04-06,29.704360961914062
2010-04-07,29.835800170898438
2010-04-08,29.755197525024414
2010-04-09,29.983373641967773
2010-04-12,30.045366287231445
2010-04-13,30.06273078918457
2010-04-14,30.46698570251465
2010-04-15,30.867534637451172
2010-04-16,30.67904281616211
2010-04-19,30.63812255859375
2010-04-20,30.330585479736328
2010-04-21,32.144798278808594
2010-04-22,33.0438346862793
2010-04-23,33.58449935913086
2010-04-26,33.419578552246094
2010-04-27,32.494483947753906
2010-04-28,32.43992614746094
2010-04-29,33.312931060791016
2010-04-30,32.37667465209961
2010-05-03,33.02894592285156
2010-05-04,32.077823638916016
2010-05-05,31.744251251220703
2010-05-06,30.536434173583984
2010-05-07,29.248018264770508
2010-05-10,31.49623680114746
2010-05-11,31.809974670410156
2010-05-12,32.50068664550781
2010-05-13,32.03814697265625
2010-05-14,31.475154876708984
2010-05-17,31.524761199951172
2010-05-18,31.29409408569336
2010-05-19,30.795610427856445
2010-05-20,29.483631134033203
2010-05-21,30.04909324645996
2010-05-24,30.599679946899414
2010-05-25,30.408720016479492
2010-05-26,30.271060943603516
2010-05-27,31.416881561279297
2010-05-28,31.854618072509766
2010-06-01,32.344444274902344
2010-06-02,32.73133850097656
2010-06-03,32.62841033935547
2010-06-04,31.74051856994629
2010-06-07,31.118024826049805
2010-06-08,30.918376922607422
2010-06-09,30.15821647644043
2010-06-10,31.0647029876709
2010-06-11,31.43671226501465
2010-06-14,31.532217025756836
2010-06-15,32.20307922363281
2010-06-16,33.14055633544922
2010-06-17,33.71346664428711
2010-06-18,33.98627471923828
2010-06-21,33.50265884399414
2010-06-22,33.95899200439453
2010-06-23,33.60186004638672
2010-06-24,33.357574462890625
2010-06-25,33.072357177734375
2010-06-28,33.27075958251953
2010-06-29,31.76656723022461
2010-06-30,31.191194534301758
2010-07-01,30.812978744506836
2010-07-02,30.62200164794922
2010-07-06,30.831567764282227
2010-07-07,32.07658386230469
2010-07-08,32.00467300415039
2010-07-09,32.194393157958984
2010-07-12,31.905466079711914
2010-07-13,31.224660873413086
2010-07-14,31.340002059936523
2010-07-15,31.18126106262207
2010-07-16,30.98906707763672
2010-07-19,30.45336151123047
2010-07-20,31.235824584960938
2010-07-21,31.527236938476562
2010-07-22,32.1199951171875
2010-07-23,32.234066009521484
2010-07-26,32.152225494384766
2010-07-27,32.74745559692383
2010-07-28,32.36054611206055
2010-07-29,32.00714111328125
2010-07-30,31.900508880615234
2010-08-02,32.47092056274414
2010-08-03,32.4808464050293
2010-08-04,32.61106872558594
2010-08-05,32.45232009887695
2010-08-06,32.25267028808594
2010-08-09,32.458526611328125
2010-08-10,32.16836166381836
2010-08-11,31.02501678466797
2010-08-12,31.22342872619629
2010-08-13,30.889846801757812
2010-08-16,30.70880699157715
2010-08-17,31.245750427246094
2010-08-18,31.38215446472168
2010-08-19,30.98658561706543
2010-08-20,30.956809997558594
2010-08-23,30.480627059936523
2010-08-24,29.752723693847656
2010-08-25,30.119779586791992
2010-08-26,29.796117782592773
2010-08-27,29.962289810180664
2010-08-30,30.0714111328125
2010-08-31,30.14582061767578
2010-09-01,31.042373657226562
2010-09-02,31.27054786682129
2010-09-03,32.088993072509766
2010-09-07,31.969942092895508
2010-09-08,32.60361862182617
2010-09-09,32.622215270996094
2010-09-10,32.66437911987305
2010-09-13,33.1145133972168
2010-09-14,33.240989685058594
2010-09-15,33.50886154174805
2010-09-16,34.29629135131836
2010-09-17,34.14748764038086
2010-09-20,35.122169494628906
2010-09-21,35.18913650512695
2010-09-22,35.68267822265625
2010-09-23,35.827754974365234
2010-09-24,36.2493782043457
2010-09-27,36.10553741455078
2010-09-28,35.572303771972656
2010-09-29,35.635555267333984
2010-09-30,35.1866569519043
2010-10-01,35.03413009643555
2010-10-04,34.552974700927734
2010-10-05,35.83024978637695
2010-10-06,35.86125564575195
2010-10-07,35.864967346191406
2010-10-08,36.46640396118164
2010-10-11,36.626365661621094
2010-10-12,37.02069854736328
2010-10-13,37.2191047668457
2010-10-14,37.48820877075195
2010-10-15,39.02959060668945
2010-10-18,39.43385696411133
2010-10-19,38.37856674194336
2010-10-20,38.50753402709961
2010-10-21,38.382286071777344
2010-10-22,38.128074645996094
2010-10-25,38.2979621887207
2010-10-26,38.19998550415039
2010-10-27,38.17271041870117
2010-10-28,37.851539611816406
2010-10-29,37.323280334472656
2010-11-01,37.720088958740234
2010-11-02,38.3624382019043
2010-11-03,38.789024353027344
2010-11-04,39.46733093261719
2010-11-05,39.32597351074219
2010-11-08,39.510738372802734
2010-11-09,39.19576644897461
2010-11-10,39.43756866455078
2010-11-11,39.266441345214844
2010-11-12,38.19751739501953
2010-11-15,38.07475662231445
2010-11-16,37.39891815185547
2010-11-17,37.26374053955078
2010-11-18,38.24713134765625
2010-11-19,38.036319732666016
2010-11-22,38.858463287353516
2010-11-23,38.284324645996094
2010-11-24,39.03703308105469
2010-11-26,39.06184005737305
2010-11-29,39.293724060058594
2010-11-30,38.58442687988281
2010-12-01,39.23544692993164
2010-12-02,39.45244598388672
2010-12-03,39.36442184448242
2010-12-06,39.70045852661133
2010-12-07,39.459903717041016
2010-12-08,39.807106018066406
2010-12-09,39.652103424072266
2010-12-10,39.751312255859375
2010-12-13,39.88896942138672
2010-12-14,39.71782684326172
2010-12-15,39.726505279541016
2010-12-16,39.836875915527344
2010-12-17,39.757511138916016
2010-12-20,39.95591735839844
2010-12-21,40.20268249511719
2010-12-22,40.32173156738281
2010-12-23,40.12828063964844
2010-12-27,40.26222229003906
2010-12-28,40.36017990112305
2010-12-29,40.337867736816406
2010-12-30,40.13572692871094
2010-12-31,39.999332427978516
2011-01-03,40.86860656738281
2011-01-04,41.081905364990234
2011-01-05,41.417945861816406
2011-01-06,41.38447189331055
2011-01-07,41.68083572387695
2011-01-10,42.46580123901367
2011-01-11,42.3653564453125
2011-01-12,42.710086822509766
2011-01-13,42.8663330078125
2011-01-14,43.213539123535156
2011-01-18,42.242584228515625
2011-01-19,42.01813888549805
2011-01-20,41.25425338745117
2011-01-21,40.51518249511719
2011-01-24,41.84576416015625
2011-01-25,42.33558654785156
2011-01-26,42.639400482177734
2011-01-27,42.5600471496582
2011-01-28,41.67835998535156
2011-01-31,42.077667236328125
2011-02-01,42.785728454589844
2011-02-02,42.69768142700195
2011-02-03,42.588565826416016
2011-02-04,42.968013763427734
2011-02-07,43.635162353515625
2011-02-08,44.046871185302734
2011-02-09,44.41392135620117
2011-02-10,43.96502685546875
2011-02-11,44.251487731933594
2011-02-14,44.5404167175293
2011-02-15,44.629703521728516
2011-02-16,45.03022766113281
2011-02-17,44.43128204345703
2011-02-18,43.47148895263672
2011-02-22,41.989627838134766
2011-02-23,42.48687744140625
2011-02-24,42.51911544799805
2011-02-25,43.17387390136719
2011-02-28,43.80010986328125
2011-03-01,43.316490173339844
2011-03-02,43.66493606567383
2011-03-03,44.58753204345703
2011-03-04,44.64210510253906
2011-03-07,44.066707611083984
2011-03-08,44.1163215637207
2011-03-09,43.70833206176758
2011-03-10,42.989105224609375
2011-03-11,43.64881134033203
2011-03-14,43.843502044677734
2011-03-15,42.8353271484375
2011-03-16,40.92316818237305
2011-03-17,41.49729919433594
2011-03-18,41.0050048828125
2011-03-21,42.075172424316406
2011-03-22,42.310794830322266
2011-03-23,42.06153869628906
2011-03-24,42.77830123901367
2011-03-25,43.593013763427734
2011-03-28,43.456600189208984
2011-03-29,43.52108383178711
2011-03-30,43.2321662902832
2011-03-31,43.21726608276367
2011-04-01,42.727455139160156
2011-04-04,42.3095588684082
2011-04-05,42.024330139160156
2011-04-06,41.918922424316406
2011-04-07,41.92388916015625
2011-04-08,41.54939270019531
2011-04-11,41.021121978759766
2011-04-12,41.219539642333984
2011-04-13,41.68208312988281
2011-04-14,41.222007751464844
2011-04-15,40.606956481933594
2011-04-18,41.151344299316406
2011-04-19,41.8965950012207
2011-04-20,42.46083450317383
2011-04-21,43.48883819580078
2011-04-25,43.775299072265625
2011-04-26,43.45412826538086
2011-04-27,43.42063903808594
2011-04-28,42.99901580810547
2011-04-29,43.41816329956055
2011-05-02,42.94074249267578
2011-05-03,43.17884063720703
2011-05-04,43.34871292114258
2011-05-05,42.99901580810547
2011-05-06,42.98786544799805
2011-05-09,43.10441970825195
2011-05-10,43.33384704589844
2011-05-11,43.05854797363281
2011-05-12,42.976707458496094
2011-05-13,42.223976135253906
2011-05-16,41.331146240234375
2011-05-17,41.683311462402344
2011-05-18,42.1458625793457
2011-05-19,42.22769546508789
2011-05-20,41.56922912597656
2011-05-23,41.467552185058594
2011-05-24,41.19350814819336
2011-05-25,41.76267623901367
2011-05-26,41.54194259643555
2011-05-27,41.84081268310547
2011-05-31,43.13294219970703
2011-06-01,42.845252990722656
2011-06-02,42.918399810791016
2011-06-03,42.588565826416016
2011-06-06,41.918922424316406
2011-06-07,41.17489242553711
2011-06-08,41.19969940185547
2011-06-09,41.106689453125
2011-06-10,40.41349411010742
2011-06-13,40.500301361083984
2011-06-14,41.22450256347656
2011-06-15,40.518898010253906
2011-06-16,40.32173156738281
2011-06-17,39.7140998840332
2011-06-20,39.10152053833008
2011-06-21,40.33909606933594
2011-06-22,40.00551986694336
2011-06-23,41.0744514465332
2011-06-24,40.469303131103516
2011-06-27,41.17489242553711
2011-06-28,41.57419204711914
2011-06-29,41.42290496826172
2011-06-30,41.62502670288086
2011-07-01,42.56624221801758
2011-07-05,43.331356048583984
2011-07-06,43.62028503417969
2011-07-07,44.29487991333008
2011-07-08,44.60613250732422
2011-07-11,43.89807891845703
2011-07-12,43.8670539855957
2011-07-13,44.39656066894531
2011-07-14,44.36556625366211
2011-07-15,45.25221633911133
2011-07-18,46.353370666503906
2011-07-19,46.731597900390625
2011-07-20,47.97785568237305
2011-07-21,48.02622604370117
2011-07-22,48.77150344848633
2011-07-25,49.416324615478516
2011-07-26,50.02518844604492
2011-07-27,48.683448791503906
2011-07-28,48.58796691894531
2011-07-29,48.42179870605469
2011-08-01,49.199317932128906
2011-08-02,48.227108001708984
2011-08-03,48.68096160888672
2011-08-04,46.796077728271484
2011-08-05,46.331058502197266
2011-08-08,43.80010986328125
2011-08-09,46.379432678222656
2011-08-10,45.099674224853516
2011-08-11,46.34098815917969
2011-08-12,46.74895477294922
2011-08-15,47.54507064819336
2011-08-16,47.18174743652344
2011-08-17,47.176780700683594
2011-08-18,45.392330169677734
2011-08-19,44.149810791015625
2011-08-22,44.20063018798828
2011-08-23,46.328582763671875
2011-08-24,46.64851379394531
2011-08-25,46.34346008300781
2011-08-26,47.56615447998047
2011-08-29,48.35855484008789
2011-08-30,48.361026763916016
2011-08-31,47.721168518066406
2011-09-01,47.24994659423828
2011-09-02,46.38438034057617
2011-09-06,47.089969635009766
2011-09-07,47.60955810546875
2011-09-08,47.63560104370117
2011-09-09,46.80971908569336
2011-09-12,47.114776611328125
2011-09-13,47.69512939453125
2011-09-14,48.27547073364258
2011-09-15,48.72934341430664
2011-09-16,49.66433334350586
2011-09-19,51.04451370239258
2011-09-20,51.270206451416016
2011-09-21,51.10776901245117
2011-09-22,49.82802963256836
2011-09-23,50.13555908203125
2011-09-26,49.99543762207031
2011-09-27,49.510562896728516
2011-09-28,49.23155212402344
2011-09-29,48.43295669555664
2011-09-30,47.28590393066406
2011-10-03,46.45259094238281
2011-10-04,46.192176818847656
2011-10-05,46.905208587646484
2011-10-06,46.796077728271484
2011-10-07,45.857357025146484
2011-10-10,48.2147102355957
2011-10-11,49.63829803466797
2011-10-12,49.873897552490234
2011-10-13,50.64769744873047
2011-10-14,52.33045959472656
2011-10-17,52.081214904785156
2011-10-18,52.3602180480957
2011-10-19,49.43120574951172
2011-10-20,49.02073669433594
2011-10-21,48.718177795410156
2011-10-24,50.31784439086914
2011-10-25,49.325801849365234
2011-10-26,49.6767463684082
2011-10-27,50.183929443359375
2011-10-28,50.216163635253906
2011-10-31,50.19508361816406
2011-11-01,49.1695442199707
2011-11-02,49.28116226196289
2011-11-03,49.98302459716797
2011-11-04,49.63209915161133
2011-11-07,49.56884765625
2011-11-08,50.3748893737793
2011-11-09,49.01701736450195
2011-11-10,47.7695198059082
2011-11-11,47.69512939453125
2011-11-14,47.030452728271484
2011-11-15,48.21718978881836
2011-11-16,47.71371078491211
2011-11-17,46.8010368347168
2011-11-18,46.494747161865234
2011-11-21,45.7593994140625
2011-11-22,46.68943786621094
2011-11-23,45.5088996887207
2011-11-25,45.084800720214844
2011-11-28,46.64107131958008
2011-11-29,46.27897644042969
2011-11-30,47.39502716064453
2011-12-01,48.10558319091797
2011-12-02,48.3250732421875
2011-12-05,48.735530853271484
2011-12-06,48.48008346557617
2011-12-07,48.24942398071289
2011-12-08,48.44411849975586
2011-12-09,48.811180114746094
2011-12-12,48.5904426574707
2011-12-13,48.2147102355957
2011-12-14,47.145782470703125
2011-12-15,46.99078369140625
2011-12-16,47.24870681762695
2011-12-19,47.396270751953125
2011-12-20,49.10011291503906
2011-12-21,49.16212463378906
2011-12-22,49.422523498535156
2011-12-23,50.01526641845703
2011-12-27,50.41209411621094
2011-12-28,49.92970657348633
2011-12-29,50.23725128173828
2011-12-30,50.22236633300781
2012-01-03,50.99490737915039
2012-01-04,51.26897048950195
2012-01-05,51.83816909790039
2012-01-06,52.38005447387695
2012-01-09,52.29697036743164
2012-01-10,52.484222412109375
2012-01-11,52.39865493774414
2012-01-12,52.25481414794922
2012-01-13,52.05887985229492
2012-01-17,52.6652717590332
2012-01-18,53.2121467590332
2012-01-19,53.043495178222656
2012-01-20,52.119651794433594
2012-01-23,53.00133514404297
2012-01-24,52.1332893371582
2012-01-25,55.3884391784668
2012-01-26,55.1367073059082
2012-01-27,55.4653205871582
2012-01-30,56.175880432128906
2012-01-31,56.60617446899414
2012-02-01,56.570228576660156
2012-02-02,56.43752670288086
2012-02-03,57.00300979614258
2012-02-06,57.53498458862305
2012-02-07,58.13764190673828
2012-02-08,59.111080169677734
2012-02-09,61.155975341796875
2012-02-10,61.186946868896484
2012-02-13,62.32532501220703
2012-02-14,63.176002502441406
2012-02-15,61.71398162841797
2012-02-16,62.276939392089844
2012-02-17,62.26580047607422
2012-02-21,63.844390869140625
2012-02-22,63.61994934082031
2012-02-23,64.0353775024414
2012-02-24,64.78189849853516
2012-02-27,65.19731903076172
2012-02-28,66.39395904541016
2012-02-29,67.2657241821289
2012-03-01,67.51746368408203
2012-03-02,67.6054916381836
2012-03-05,66.1149673461914
2012-03-06,65.7553482055664
2012-03-07,65.80865478515625
2012-03-08,67.20990753173828
2012-03-09,67.60427856445312
2012-03-12,68.45120239257812
2012-03-13,70.44770050048828
2012-03-14,73.11137390136719
2012-03-15,72.61286163330078
2012-03-16,72.61408996582031
2012-03-19,74.5398941040039
2012-03-20,75.142578125
2012-03-21,74.7135238647461
2012-03-22,74.32166290283203
2012-03-23,73.91365814208984
2012-03-26,75.2690658569336
2012-03-27,76.1990966796875
2012-03-28,76.58847045898438
2012-03-29,75.6261978149414
2012-03-30,74.34770202636719
2012-04-02,76.71372985839844
2012-04-03,78.03934478759766
2012-04-04,77.41807556152344
2012-04-05,78.58002471923828
2012-04-09,78.89620971679688
2012-04-10,77.93021392822266
2012-04-11,77.65245819091797
2012-04-12,77.22711944580078
2012-04-13,75.05206298828125
2012-04-16,71.93949890136719
2012-04-17,75.6063461303711
2012-04-18,75.43770599365234
2012-04-19,72.84599304199219
2012-04-20,71.05287170410156
2012-04-23,70.89412689208984
2012-04-24,69.47798156738281
2012-04-25,75.6435546875
2012-04-26,75.35832977294922
2012-04-27,74.77550506591797
2012-04-30,72.41693115234375
2012-05-01,72.1875
2012-05-02,72.6649398803711
2012-05-03,72.14906311035156
2012-05-04,70.09428405761719
2012-05-07,70.61883544921875
2012-05-08,70.45763397216797
2012-05-09,70.58163452148438
2012-05-10,70.747802734375
2012-05-11,70.27534484863281
2012-05-14,69.22254943847656
2012-05-15,68.59627532958984
2012-05-16,67.71710205078125
2012-05-17,65.73799133300781
2012-05-18,65.77021026611328
2012-05-21,69.60199737548828
2012-05-22,69.06752014160156
2012-05-23,70.75277709960938
2012-05-24,70.10298919677734
2012-05-25,69.72723388671875
2012-05-29,70.96483612060547
2012-05-30,71.82048034667969
2012-05-31,71.64187622070312
2012-06-01,69.5660400390625
2012-06-04,69.97525024414062
2012-06-05,69.79420471191406
2012-06-06,70.86438751220703
2012-06-07,70.89661407470703
2012-06-08,71.96305847167969
2012-06-11,70.82843780517578
2012-06-12,71.44717407226562
2012-06-13,70.95116424560547
2012-06-14,70.873046875
2012-06-15,71.19547271728516
2012-06-18,72.6401138305664
2012-06-19,72.84226989746094
2012-06-20,72.63517761230469
2012-06-21,71.63445281982422
2012-06-22,72.18379974365234
2012-06-25,70.77880096435547
2012-06-26,70.93504333496094
2012-06-27,71.24134826660156
2012-06-28,70.56552124023438
2012-06-29,72.41940307617188
2012-07-02,73.4759292602539
2012-07-03,74.33032989501953
2012-07-05,75.63609313964844
2012-07-06,75.13264465332031
2012-07-09,76.1259536743164
2012-07-10,75.42160034179688
2012-07-11,74.95284271240234
2012-07-12,74.26708221435547
2012-07-13,75.0197982788086
2012-07-16,75.26038360595703
2012-07-17,75.26409149169922
2012-07-18,75.17977905273438
2012-07-19,76.17927551269531
2012-07-20,74.93672943115234
2012-07-23,74.87843322753906
2012-07-24,74.5176010131836
2012-07-25,71.29964447021484
2012-07-26,71.2884521484375
2012-07-27,72.56324768066406
2012-07-30,73.78719329833984
2012-07-31,75.73780822753906
2012-08-01,75.24798583984375
2012-08-02,75.3695068359375
2012-08-03,76.35039520263672
2012-08-06,77.19983673095703
2012-08-07,76.99645233154297
2012-08-08,76.86624145507812
2012-08-09,77.30463409423828
2012-08-10,77.42542266845703
2012-08-13,78.4591064453125
2012-08-14,78.66956329345703
2012-08-15,78.56245422363281
2012-08-16,79.24868774414062
2012-08-17,80.71449279785156
2012-08-20,82.83660888671875
2012-08-21,81.70455169677734
2012-08-22,83.2999038696289
2012-08-23,82.52277374267578
2012-08-24,82.59626770019531
2012-08-27,84.14799499511719
2012-08-28,84.03840637207031
2012-08-29,83.8727798461914
2012-08-30,82.67720794677734
2012-08-31,82.84782409667969
2012-09-04,84.0595932006836
2012-09-05,83.46927642822266
2012-09-06,84.22148895263672
2012-09-07,84.7408218383789
2012-09-10,82.53648376464844
2012-09-11,82.26873016357422
2012-09-12,83.41448974609375
2012-09-13,85.05714416503906
2012-09-14,86.09080505371094
2012-09-17,87.14936065673828
2012-09-18,87.41464233398438
2012-09-19,87.43832397460938
2012-09-20,87.01487731933594
2012-09-21,87.18801879882812
2012-09-24,86.02979278564453
2012-09-25,83.8814926147461
2012-09-26,82.84037780761719
2012-09-27,84.85040283203125
2012-09-28,83.07947540283203
2012-10-01,82.11927795410156
2012-10-02,82.35839080810547
2012-10-03,83.62120819091797
2012-10-04,83.04209899902344
2012-10-05,81.27242279052734
2012-10-08,79.47655487060547
2012-10-09,79.18763732910156
2012-10-10,79.81781768798828
2012-10-11,78.22247314453125
2012-10-12,78.4229965209961
2012-10-15,79.05191040039062
2012-10-16,80.92369842529297
2012-10-17,80.27859497070312
2012-10-18,78.7878646850586
2012-10-19,75.94841003417969
2012-10-22,78.96099090576172
2012-10-23,76.38678741455078
2012-10-24,76.8189468383789
2012-10-25,75.91105651855469
2012-10-26,75.22111511230469
2012-10-31,74.14010620117188
2012-11-01,74.29206085205078
2012-11-02,71.83365631103516
2012-11-05,72.80757141113281
2012-11-06,72.58712005615234
2012-11-07,69.80975341796875
2012-11-08,67.27632141113281
2012-11-09,68.44107055664062
2012-11-12,67.911865234375
2012-11-13,67.92061614990234
2012-11-14,67.16747283935547
2012-11-15,65.7587890625
2012-11-16,66.01647186279297
2012-11-19,70.77681732177734
2012-11-20,70.17379760742188
2012-11-21,70.27263641357422
2012-11-23,71.49868774414062
2012-11-26,73.7543716430664
2012-11-27,73.16011047363281
2012-11-28,72.92992401123047
2012-11-29,73.73309326171875
2012-11-30,73.22264862060547
2012-12-03,73.33650970458984
2012-12-04,72.04289245605469
2012-12-05,67.40642547607422
2012-12-06,68.46359252929688
2012-12-07,66.71334838867188
2012-12-10,66.28422546386719
2012-12-11,67.73169708251953
2012-12-12,67.43270111083984
2012-12-13,66.26795196533203
2012-12-14,63.778297424316406
2012-12-17,64.90930938720703
2012-12-18,66.7946548461914
2012-12-19,65.84510040283203
2012-12-20,65.27210998535156
2012-12-21,64.97186279296875
2012-12-24,65.07695007324219
2012-12-26,64.17993927001953
2012-12-27,64.43763732910156
2012-12-28,63.753299713134766
2012-12-31,66.57821655273438
2013-01-02,68.68753814697266
2013-01-03,67.82052612304688
2013-01-04,65.93140411376953
2013-01-07,65.5436019897461
2013-01-08,65.7199935913086
2013-01-09,64.69286346435547
2013-01-10,65.49479675292969
2013-01-11,65.09319305419922
2013-01-14,62.7724609375
2013-01-15,60.79201889038086
2013-01-16,63.3154411315918
2013-01-17,62.88881301879883
2013-01-18,62.553524017333984
2013-01-22,63.150299072265625
2013-01-23,64.3062744140625
2013-01-24,56.360721588134766
2013-01-25,55.0320930480957
2013-01-28,56.27690505981445
2013-01-29,57.33281707763672
2013-01-30,57.15266418457031
2013-01-31,56.98501205444336
2013-02-01,56.751068115234375
2013-02-04,55.337345123291016
2013-02-05,57.27901840209961
2013-02-06,57.217708587646484
2013-02-07,58.919029235839844
2013-02-08,59.76966094970703
2013-02-11,60.392555236816406
2013-02-12,58.87874221801758
2013-02-13,58.76675796508789
2013-02-14,58.713897705078125
2013-02-15,57.90477752685547
2013-02-19,57.88338088989258
2013-02-20,56.481571197509766
2013-02-21,56.1304931640625
2013-02-22,56.72821044921875
2013-02-25,55.72026443481445
2013-02-26,56.49666976928711
2013-02-27,55.942996978759766
2013-02-28,55.544090270996094
2013-03-01,54.168704986572266
2013-03-04,52.85747528076172
2013-03-05,54.25300598144531
2013-03-06,53.56343460083008
2013-03-07,54.18254089355469
2013-03-08,54.32600784301758
2013-03-11,55.099891662597656
2013-03-12,53.9119987487793
2013-03-13,53.901920318603516
2013-03-14,54.424156188964844
2013-03-15,55.8284797668457
2013-03-18,57.346073150634766
2013-03-19,57.19127655029297
2013-03-20,56.88801193237305
2013-03-21,56.96980285644531
2013-03-22,58.124996185302734
2013-03-25,58.33513259887695
2013-03-26,58.02809524536133
2013-03-27,56.88801193237305
2013-03-28,55.702640533447266
2013-04-01,53.97239303588867
2013-04-02,54.0831298828125
2013-04-03,54.3599739074707
2013-04-04,53.82264709472656
2013-04-05,53.253875732421875
2013-04-08,53.63264083862305
2013-04-09,53.72953796386719
2013-04-10,54.82557678222656
2013-04-11,54.65443801879883
2013-04-12,54.08439254760742
2013-04-15,52.83232879638672
2013-04-16,53.63642120361328
2013-04-17,50.68681335449219
2013-04-18,49.334075927734375
2013-04-19,49.1428108215332
2013-04-22,50.167118072509766
2013-04-23,51.1058464050293
2013-04-24,51.021541595458984
2013-04-25,51.38898849487305
2013-04-26,52.49885940551758
2013-04-29,54.12465286254883
2013-04-30,55.717735290527344
2013-05-01,55.27857208251953
2013-05-02,56.06253433227539
2013-05-03,56.623756408691406
2013-05-06,57.97399139404297
2013-05-07,57.716033935546875
2013-05-08,58.36785888671875
2013-05-09,57.85863494873047
2013-05-10,57.3773078918457
2013-05-13,57.601505279541016
2013-05-14,56.22334671020508
2013-05-15,54.32204055786133
2013-05-16,55.0478630065918
2013-05-17,54.880653381347656
2013-05-20,56.105533599853516
2013-05-21,55.69133758544922
2013-05-22,55.905399322509766
2013-05-23,56.00547790527344
2013-05-24,56.38674545288086
2013-05-28,55.916805267333984
2013-05-29,56.36140441894531
2013-05-30,57.20123291015625
2013-05-31,56.96688461303711
2013-06-03,57.09230041503906
2013-06-04,56.91368865966797
2013-06-05,56.381675720214844
2013-06-06,55.5393180847168
2013-06-07,55.96367263793945
2013-06-10,55.59380340576172
2013-06-11,55.43039321899414
2013-06-12,54.745121002197266
2013-06-13,55.22264862060547
2013-06-14,54.47404098510742
2013-06-17,54.72105026245117
2013-06-18,54.69190216064453
2013-06-19,53.581031799316406
2013-06-20,52.800743103027344
2013-06-21,52.37767028808594
2013-06-24,50.98937225341797
2013-06-25,51.00076675415039
2013-06-26,50.42316818237305
2013-06-27,49.8797607421875
2013-06-28,50.22809600830078
2013-07-01,51.835533142089844
2013-07-02,53.00975036621094
2013-07-03,53.30234909057617
2013-07-05,52.874210357666016
2013-07-08,52.57400131225586
2013-07-09,53.49868392944336
2013-07-10,53.29349136352539
2013-07-11,54.12442398071289
2013-07-12,54.025630950927734
2013-07-15,54.14344024658203
2013-07-16,54.493038177490234
2013-07-17,54.50697326660156
2013-07-18,54.690643310546875
2013-07-19,53.828033447265625
2013-07-22,54.00030517578125
2013-07-23,53.073081970214844
2013-07-24,55.79900360107422
2013-07-25,55.544410705566406
2013-07-26,55.859806060791016
2013-07-29,56.721160888671875
2013-07-30,57.4216423034668
2013-07-31,57.321556091308594
2013-08-01,57.84723663330078
2013-08-02,58.589515686035156
2013-08-05,59.464786529541016
2013-08-06,58.932804107666016
2013-08-07,58.898597717285156
2013-08-08,58.78129577636719
2013-08-09,57.944847106933594
2013-08-12,59.5909538269043
2013-08-13,62.42282485961914
2013-08-14,63.561466217041016
2013-08-15,63.48624038696289
2013-08-16,64.04981231689453
2013-08-19,64.7396240234375
2013-08-20,63.88916778564453
2013-08-21,64.05363464355469
2013-08-22,64.1301498413086
2013-08-23,63.88278579711914
2013-08-26,64.13140869140625
2013-08-27,62.29787826538086
2013-08-28,62.59242630004883
2013-08-29,62.694427490234375
2013-08-30,62.12321090698242
2013-09-03,62.2966194152832
2013-09-04,63.58568572998047
2013-09-05,63.14961242675781
2013-09-06,63.52574920654297
2013-09-09,64.53942108154297
2013-09-10,63.06930923461914
2013-09-11,59.63557815551758
2013-09-12,60.27056121826172
2013-09-13,59.277278900146484
2013-09-16,57.39274597167969
2013-09-17,58.0557861328125
2013-09-18,59.249237060546875
2013-09-19,60.2208137512207
2013-09-20,59.597328186035156
2013-09-23,62.55927658081055
2013-09-24,62.36290740966797
2013-09-25,61.3977165222168
2013-09-26,61.99569320678711
2013-09-27,61.553260803222656
2013-09-30,60.7882080078125
2013-10-01,62.21754837036133
2013-10-02,62.42155838012695
2013-10-03,61.63740539550781
2013-10-04,61.588958740234375
2013-10-07,62.19078826904297
2013-10-08,61.32246780395508
2013-10-09,62.042877197265625
2013-10-10,62.43177795410156
2013-10-11,62.835960388183594
2013-10-14,63.247802734375
2013-10-15,63.58441162109375
2013-10-16,63.894248962402344
2013-10-17,64.32649230957031
2013-10-18,64.88624572753906
2013-10-21,66.47625732421875
2013-10-22,66.28624725341797
2013-10-23,66.93526458740234
2013-10-24,67.82142639160156
2013-10-25,67.0627670288086
2013-10-28,67.56259155273438
2013-10-29,65.87950134277344
2013-10-30,66.9276351928711
2013-10-31,66.64710235595703
2013-11-01,66.30664825439453
2013-11-04,67.16349792480469
2013-11-05,66.99774169921875
2013-11-06,66.80790710449219
2013-11-07,65.72676849365234
2013-11-08,66.76174926757812
2013-11-11,66.56808471679688
2013-11-12,66.69120025634766
2013-11-13,66.77072143554688
2013-11-14,67.73645782470703
2013-11-15,67.32990264892578
2013-11-18,66.51423645019531
2013-11-19,66.63221740722656
2013-11-20,66.04869079589844
2013-11-21,66.83613586425781
2013-11-22,66.66429138183594
2013-11-25,67.16959381103516
2013-11-26,68.40847778320312
2013-11-27,70.01929473876953
2013-11-29,71.31588745117188
2013-12-02,70.69517517089844
2013-12-03,72.63044738769531
2013-12-04,72.46116638183594
2013-12-05,72.8331069946289
2013-12-06,71.82247924804688
2013-12-09,72.64457702636719
2013-12-10,72.53170776367188
2013-12-11,71.99433898925781
2013-12-12,71.88919067382812
2013-12-13,71.1055679321289
2013-12-16,71.49931335449219
2013-12-17,71.17739868164062
2013-12-18,70.63617706298828
2013-12-19,69.82693481445312
2013-12-20,70.41173553466797
2013-12-23,73.11397552490234
2013-12-24,72.80360412597656
2013-12-26,72.3200912475586
2013-12-27,71.8314437866211
2013-12-30,71.11712646484375
2013-12-31,71.95076751708984
2014-01-02,70.93883514404297
2014-01-03,69.380615234375
2014-01-06,69.75896453857422
2014-01-07,69.26005554199219
2014-01-08,69.69869232177734
2014-01-09,68.80863189697266
2014-01-10,68.3494644165039
2014-01-13,68.7072982788086
2014-01-14,70.0744400024414
2014-01-15,71.48136138916016
2014-01-16,71.0824966430664
2014-01-17,69.34085083007812
2014-01-21,70.41816711425781
2014-01-22,70.7310791015625
2014-01-23,71.33001708984375
2014-01-24,70.0334243774414
2014-01-27,70.6015625
2014-01-28,64.95856475830078
2014-01-29,64.22112274169922
2014-01-30,64.09672546386719
2014-01-31,64.20189666748047
2014-02-03,64.32115173339844
2014-02-04,65.25224304199219
2014-02-05,65.73960876464844
2014-02-06,66.12277221679688
2014-02-07,67.0478515625
2014-02-10,68.24897766113281
2014-02-11,69.14823150634766
2014-02-12,69.1430892944336
2014-02-13,70.24100494384766
2014-02-14,70.18425750732422
2014-02-18,70.44229125976562
2014-02-19,69.33016204833984
2014-02-20,68.52767944335938
2014-02-21,67.76646423339844
2014-02-24,68.06318664550781
2014-02-25,67.35491180419922
2014-02-26,66.74723815917969
2014-02-27,68.07868194580078
2014-02-28,67.8941879272461
2014-03-03,68.09028625488281
2014-03-04,68.5392837524414
2014-03-05,68.68376922607422
2014-03-06,68.4760513305664
2014-03-07,68.4360580444336
2014-03-10,68.49798583984375
2014-03-11,69.16500091552734
2014-03-12,69.23209381103516
2014-03-13,68.46315002441406
2014-03-14,67.6942138671875
2014-03-17,67.95870971679688
2014-03-18,68.5599136352539
2014-03-19,68.5418701171875
2014-03-20,68.2115707397461
2014-03-21,68.74954986572266
2014-03-24,69.56495666503906
2014-03-25,70.31326293945312
2014-03-26,69.64107513427734
2014-03-27,69.34176635742188
2014-03-28,69.26436614990234
2014-03-31,69.2488784790039
2014-04-01,69.8823471069336
2014-04-02,69.99846649169922
2014-04-03,69.51333618164062
2014-04-04,68.6141128540039
2014-04-07,67.53682708740234
2014-04-08,67.53294372558594
2014-04-09,68.42059326171875
2014-04-10,67.5381088256836
2014-04-11,67.03881072998047
2014-04-14,67.30587005615234
2014-04-15,66.82592010498047
2014-04-16,66.96138763427734
2014-04-17,67.7264633178711
2014-04-21,68.5302505493164
2014-04-22,68.5986328125
2014-04-23,67.70194244384766
2014-04-24,73.25228118896484
2014-04-25,73.79029083251953
2014-04-28,76.64803314208984
2014-04-29,76.42095947265625
2014-04-30,76.1319580078125
2014-05-01,76.31130981445312
2014-05-02,76.45320892333984
2014-05-05,77.53437805175781
2014-05-06,76.6893081665039
2014-05-07,76.42095947265625
2014-05-08,76.28473663330078
2014-05-09,75.96686553955078
2014-05-12,76.91267395019531
2014-05-13,77.0333251953125
2014-05-14,77.0475845336914
2014-05-15,76.39240264892578
2014-05-16,77.51985931396484
2014-05-19,78.43840026855469
2014-05-20,78.45394897460938
2014-05-21,78.66154479980469
2014-05-22,78.78607940673828
2014-05-23,79.67608642578125
2014-05-27,81.16808319091797
2014-05-28,80.95790100097656
2014-05-29,82.43301391601562
2014-05-30,82.1242446899414
2014-06-02,81.55989074707031
2014-06-03,82.7132568359375
2014-06-04,83.65774536132812
2014-06-05,83.98599243164062
2014-06-06,83.75505065917969
2014-06-09,85.0952377319336
2014-06-10,85.5947265625
2014-06-11,85.24056243896484
2014-06-12,83.81475067138672
2014-06-13,82.89747619628906
2014-06-16,83.73298645019531
2014-06-17,83.62403106689453
2014-06-18,83.71484375
2014-06-19,83.42422485351562
2014-06-20,82.56148529052734
2014-06-23,82.48882293701172
2014-06-24,81.98931121826172
2014-06-25,82.06195831298828
2014-06-26,82.5523910522461
2014-06-27,83.53321075439453
2014-06-30,84.39596557617188
2014-07-01,84.9317626953125
2014-07-02,84.89545440673828
2014-07-03,85.39493560791016
2014-07-07,87.15679168701172
2014-07-08,86.59371948242188
2014-07-09,86.63004302978516
2014-07-10,86.31221008300781
2014-07-11,86.47566986083984
2014-07-14,87.59269714355469
2014-07-15,86.56648254394531
2014-07-16,86.0760726928711
2014-07-17,84.5412826538086
2014-07-18,85.75821685791016
2014-07-21,85.3132095336914
2014-07-22,86.0215835571289
2014-07-23,88.26476287841797
2014-07-24,88.11943817138672
2014-07-25,88.70066833496094
2014-07-28,89.92670440673828
2014-07-29,89.34547424316406
2014-07-30,89.13658905029297
2014-07-31,86.8207778930664
2014-08-01,87.30209350585938
2014-08-04,86.8116683959961
2014-08-05,86.38484954833984
2014-08-06,86.23954010009766
2014-08-07,86.23040771484375
2014-08-08,86.46770477294922
2014-08-11,87.60857391357422
2014-08-12,87.59032440185547
2014-08-13,88.74942016601562
2014-08-14,88.98670959472656
2014-08-15,89.4248275756836
2014-08-18,90.50177001953125
2014-08-19,91.75214385986328
2014-08-20,91.78866577148438
2014-08-21,91.79779052734375
2014-08-22,92.47317504882812
2014-08-25,92.6739730834961
2014-08-26,92.08070373535156
2014-08-27,93.21244049072266
2014-08-28,93.32196807861328
2014-08-29,93.5501480102539
2014-09-02,94.28031158447266
2014-09-03,90.30098724365234
2014-09-04,89.55258178710938
2014-09-05,90.328369140625
2014-09-08,89.77161407470703
2014-09-09,89.4339370727539
2014-09-10,92.18111419677734
2014-09-11,92.57355499267578
2014-09-12,92.78350067138672
2014-09-15,92.756103515625
2014-09-16,92.0533447265625
2014-09-17,92.71047973632812
2014-09-18,92.90213012695312
2014-09-19,92.14459991455078
2014-09-22,92.2358627319336
2014-09-23,93.67792510986328
2014-09-24,92.86563110351562
2014-09-25,89.32443237304688
2014-09-26,91.95294952392578
2014-09-29,91.36882781982422
2014-09-30,91.95294952392578
2014-10-01,90.52001953125
2014-10-02,91.17716217041016
2014-10-03,90.92160034179688
2014-10-06,90.92160034179688
2014-10-07,90.12757110595703
2014-10-08,91.9985580444336
2014-10-09,92.19937133789062
2014-10-10,91.9346923828125
2014-10-13,91.09502410888672
2014-10-14,90.12757110595703
2014-10-15,89.02320861816406
2014-10-16,87.85499572753906
2014-10-17,89.14187622070312
2014-10-20,91.04940795898438
2014-10-21,93.52276611328125
2014-10-22,93.99735260009766
2014-10-23,95.67671203613281
2014-10-24,96.03263854980469
2014-10-27,95.9322280883789
2014-10-28,97.4198989868164
2014-10-29,97.96751403808594
2014-10-30,97.63897705078125
2014-10-31,98.56988525390625
2014-11-03,99.84766387939453
2014-11-04,99.11753845214844
2014-11-05,99.35482025146484
2014-11-06,99.63895416259766
2014-11-07,99.92312622070312
2014-11-10,99.75813293457031
2014-11-11,100.55559539794922
2014-11-12,101.97640228271484
2014-11-13,103.41551208496094
2014-11-14,104.66218566894531
2014-11-17,104.48800659179688
2014-11-18,105.84464263916016
2014-11-19,105.11133575439453
2014-11-20,106.61461639404297
2014-11-21,106.76126861572266
2014-11-24,108.74124145507812
2014-11-25,107.79707336425781
2014-11-26,109.08038330078125
2014-11-28,109.01620483398438
2014-12-01,105.47797393798828
2014-12-02,105.07464599609375
2014-12-03,106.26629638671875
2014-12-04,105.86296844482422
2014-12-05,105.41381072998047
2014-12-08,103.03055572509766
2014-12-09,104.6071548461914
2014-12-10,102.61804962158203
2014-12-11,102.3155746459961
2014-12-12,100.5831298828125
2014-12-15,99.2081527709961
2014-12-16,97.85151672363281
2014-12-17,100.289794921875
2014-12-18,103.25969696044922
2014-12-19,102.46223449707031
2014-12-22,103.5255355834961
2014-12-23,103.15889739990234
2014-12-24,102.67304992675781
2014-12-26,104.48800659179688
2014-12-29,104.41468811035156
2014-12-30,103.14054107666016
2014-12-31,101.1789321899414
2015-01-02,100.2164535522461
2015-01-05,97.39318084716797
2015-01-06,97.40237426757812
2015-01-07,98.76815032958984
2015-01-08,102.56307220458984
2015-01-09,102.67304992675781
2015-01-12,100.14311981201172
2015-01-13,101.03227996826172
2015-01-14,100.64728546142578
2015-01-15,97.9156723022461
2015-01-16,97.15485382080078
2015-01-20,99.65730285644531
2015-01-21,100.4181137084961
2015-01-22,103.03055572509766
2015-01-23,103.56219482421875
2015-01-26,103.67218780517578
2015-01-27,100.04229736328125
2015-01-28,105.69796752929688
2015-01-29,108.98871612548828
2015-01-30,107.39376831054688
2015-02-02,108.74124145507812
2015-02-03,108.75955963134766
2015-02-04,109.59370422363281
2015-02-05,110.37590789794922
2015-02-06,109.44646453857422
2015-02-09,110.17346954345703
2015-02-10,112.29004669189453
2015-02-11,114.92201232910156
2015-02-12,116.37602233886719
2015-02-13,116.94658660888672
2015-02-17,117.63677215576172
2015-02-18,118.455810546875
2015-02-19,118.20733642578125
2015-02-20,119.17359924316406
2015-02-23,122.3945083618164
2015-02-24,121.63068389892578
2015-02-25,118.52021789550781
2015-02-26,120.02024841308594
2015-02-27,118.21653747558594
2015-03-02,118.79629516601562
2015-03-03,119.04476165771484
2015-03-04,118.2901382446289
2015-03-05,116.33000946044922
2015-03-06,116.50484466552734
2015-03-09,117.00180053710938
2015-03-10,114.58150482177734
2015-03-11,112.49252319335938
2015-03-12,114.52629089355469
2015-03-13,113.73485565185547
2015-03-16,114.9864273071289
2015-03-17,116.90975952148438
2015-03-18,118.22573852539062
2015-03-19,117.33309936523438
2015-03-20,115.86067962646484
2015-03-23,117.06620025634766
2015-03-24,116.58767700195312
2015-03-25,113.54161834716797
2015-03-26,114.33304595947266
2015-03-27,113.4219970703125
2015-03-30,116.2931900024414
2015-03-31,114.50788116455078
2015-04-01,114.34223937988281
2015-04-02,115.32691192626953
2015-04-06,117.19503021240234
2015-04-07,115.96190643310547
2015-04-08,115.58458709716797
2015-04-09,116.46804809570312
2015-04-10,116.9649887084961
2015-04-13,116.73491668701172
2015-04-14,116.22879028320312
2015-04-15,116.67050170898438
2015-04-16,116.109130859375
2015-04-17,114.8023681640625
2015-04-20,117.42511749267578
2015-04-21,116.7901382446289
2015-04-22,118.36377716064453
2015-04-23,119.33004760742188
2015-04-24,119.89141082763672
2015-04-27,122.07239532470703
2015-04-28,120.14907836914062
2015-04-29,118.38218688964844
2015-04-30,115.17047882080078
2015-05-01,118.6674575805664
2015-05-04,118.43739318847656
2015-05-05,115.76864624023438
2015-05-06,115.0416488647461
2015-05-07,115.75320434570312
2015-05-08,117.93408966064453
2015-05-11,116.73274993896484
2015-05-12,116.3169174194336
2015-05-13,116.44629669189453
2015-05-14,119.16313934326172
2015-05-15,118.99681091308594
2015-05-18,120.30901336669922
2015-05-19,120.1981430053711
2015-05-20,120.18889617919922
2015-05-21,121.41796112060547
2015-05-22,122.48069763183594
2015-05-26,119.78228759765625
2015-05-27,122.01863861083984
2015-05-28,121.77835083007812
2015-05-29,120.3922119140625
2015-06-01,120.63246154785156
2015-06-02,120.09648132324219
2015-06-03,120.24434661865234
2015-06-04,119.54202270507812
2015-06-05,118.88591003417969
2015-06-08,118.10042572021484
2015-06-09,117.74925994873047
2015-06-10,119.09844207763672
2015-06-11,118.8304672241211
2015-06-12,117.51824188232422
2015-06-15,117.2872085571289
2015-06-16,117.91559600830078
2015-06-17,117.63838195800781
2015-06-18,118.17435455322266
2015-06-19,116.99150848388672
2015-06-22,117.92485046386719
2015-06-23,117.38887023925781
2015-06-24,118.38690185546875
2015-06-25,117.82321166992188
2015-06-26,117.13011169433594
2015-06-29,115.07860565185547
2015-06-30,115.9103012084961
2015-07-01,116.99150848388672
2015-07-02,116.8436279296875
2015-07-06,116.4370346069336
2015-07-07,116.15057373046875
2015-07-08,113.26736450195312
2015-07-09,110.95711517333984
2015-07-10,113.92346954345703
2015-07-13,116.12284851074219
2015-07-14,116.07662200927734
2015-07-15,117.19480895996094
2015-07-16,118.75654602050781
2015-07-17,119.78228759765625
2015-07-20,122.0463638305664
2015-07-21,120.8265380859375
2015-07-22,115.71623229980469
2015-07-23,115.66078186035156
2015-07-24,115.05088806152344
2015-07-27,113.4521713256836
2015-07-28,114.01588439941406
2015-07-29,113.65547180175781
2015-07-30,113.08255767822266
2015-07-31,112.09375
2015-08-03,109.45081329345703
2015-08-04,105.93921661376953
2015-08-05,106.64154815673828
2015-08-06,106.87360382080078
2015-08-07,107.23564910888672
2015-08-10,111.13444519042969
2015-08-11,105.35123443603516
2015-08-12,106.9757080078125
2015-08-13,106.8921890258789
2015-08-14,107.64407348632812
2015-08-17,108.75802612304688
2015-08-18,108.14537811279297
2015-08-19,106.76223754882812
2015-08-20,104.57145690917969
2015-08-21,98.17554473876953
2015-08-24,95.72489929199219
2015-08-25,96.30042266845703
2015-08-26,101.82373046875
2015-08-27,104.82211303710938
2015-08-28,105.16555786132812
2015-08-31,104.673583984375
2015-09-01,99.9950180053711
2015-09-02,104.28369140625
2015-09-03,102.45496368408203
2015-09-04,101.43385314941406
2015-09-08,104.25584411621094
2015-09-09,102.25074768066406
2015-09-10,104.4971923828125
2015-09-11,106.01958465576172
2015-09-14,107.04068756103516
2015-09-15,107.94114685058594
2015-09-16,108.06181335449219
2015-09-17,105.75038146972656
2015-09-18,105.3140869140625
2015-09-21,106.94788360595703
2015-09-22,105.26768493652344
2015-09-23,106.1217041015625
2015-09-24,106.7529296875
2015-09-25,106.48372650146484
2015-09-28,104.37653350830078
2015-09-29,101.2389144897461
2015-09-30,102.3899917602539
2015-10-01,101.72162628173828
2015-10-02,102.46424865722656
2015-10-05,102.8355712890625
2015-10-06,103.32755279541016
2015-10-07,102.8355712890625
2015-10-08,101.64735412597656
2015-10-09,104.07947540283203
2015-10-12,103.59677124023438
2015-10-13,103.77312469482422
2015-10-14,102.30644226074219
2015-10-15,103.83811950683594
2015-10-16,103.07691955566406
2015-10-19,103.71743774414062
2015-10-20,105.61114501953125
2015-10-21,105.60186767578125
2015-10-22,107.21709442138672
2015-10-23,110.54034423828125
2015-10-26,107.0128402709961
2015-10-27,106.335205078125
2015-10-28,110.71671295166016
2015-10-29,111.88634490966797
2015-10-30,110.93023681640625
2015-11-02,112.48975372314453
2015-11-03,113.7800521850586
2015-11-04,113.25093078613281
2015-11-05,112.72887420654297
2015-11-06,112.85939025878906
2015-11-09,112.402587890625
2015-11-10,108.85999298095703
2015-11-11,108.24468994140625
2015-11-12,107.881103515625
2015-11-13,104.73008728027344
2015-11-16,106.44544219970703
2015-11-17,105.9886245727539
2015-11-18,109.34476470947266
2015-11-19,110.73382568359375
2015-11-20,111.21861267089844
2015-11-23,109.77360534667969
2015-11-24,110.82706451416016
2015-11-25,110.03462219238281
2015-11-27,109.82953643798828
2015-11-30,110.2863540649414
2015-12-01,109.3913803100586
2015-12-02,108.4031982421875
2015-12-03,107.39633178710938
2015-12-04,110.96690368652344
2015-12-07,110.26771545410156
2015-12-08,110.2210922241211
2015-12-09,107.78788757324219
2015-12-10,108.30064392089844
2015-12-11,105.51316833496094
2015-12-14,104.86058807373047
2015-12-15,103.00540924072266
2015-12-16,103.79781341552734
2015-12-17,101.59768676757812
2015-12-18,98.84751892089844
2015-12-21,100.05945587158203
2015-12-22,99.96623229980469
2015-12-23,101.25274658203125
2015-12-24,100.7120361328125
2015-12-28,99.5840072631836
2015-12-29,101.37393951416016
2015-12-30,100.05013275146484
2015-12-31,98.12966918945312
2016-01-04,98.21358489990234
2016-01-05,95.7524185180664
2016-01-06,93.87858581542969
2016-01-07,89.91647338867188
2016-01-08,90.39190673828125
2016-01-11,91.8555679321289
2016-01-12,93.18870544433594
2016-01-13,90.79279327392578
2016-01-14,92.77849578857422
2016-01-15,90.5504150390625
2016-01-19,90.11225128173828
2016-01-20,90.23343658447266
2016-01-21,89.77662658691406
2016-01-22,94.54981231689453
2016-01-25,92.70393371582031
2016-01-26,93.21665954589844
2016-01-27,87.09172821044922
2016-01-28,87.7163314819336
2016-01-29,90.74617767333984
2016-02-01,89.8978271484375
2016-02-02,88.07992553710938
2016-02-03,89.8232421875
2016-02-04,90.54499053955078
2016-02-05,88.12669372558594
2016-02-08,89.05465698242188
2016-02-09,89.03590393066406
2016-02-10,88.36102294921875
2016-02-11,87.82674407958984
2016-02-12,88.09857177734375
2016-02-16,90.58246612548828
2016-02-17,91.96971130371094
2016-02-18,90.22628784179688
2016-02-19,90.02007293701172
2016-02-22,90.80741119384766
2016-02-23,88.75467681884766
2016-02-24,90.07630920410156
2016-02-25,90.6949462890625
2016-02-26,90.8355484008789
2016-02-29,90.62934112548828
2016-03-01,94.22864532470703
2016-03-02,94.43485260009766
2016-03-03,95.13784790039062
2016-03-04,96.55318450927734
2016-03-07,95.48465728759766
2016-03-08,94.69730377197266
2016-03-09,94.78165435791016
2016-03-10,94.82852935791016
2016-03-11,95.8501968383789
2016-03-14,96.09391021728516
2016-03-15,98.0247802734375
2016-03-16,99.3276596069336
2016-03-17,99.16829681396484
2016-03-18,99.28077697753906
2016-03-21,99.27140808105469
2016-03-22,100.03065490722656
2016-03-23,99.47762298583984
2016-03-24,99.04645538330078
2016-03-28,98.59654998779297
2016-03-29,100.93046569824219
2016-03-30,102.69261932373047
2016-03-31,102.15835571289062
2016-04-01,103.09566497802734
2016-04-04,104.15483856201172
2016-04-05,102.92696380615234
2016-04-06,104.0048599243164
2016-04-07,101.73655700683594
2016-04-08,101.84904479980469
2016-04-11,102.18647003173828
2016-04-12,103.51747131347656
2016-04-13,105.01717376708984
2016-04-14,105.07341003417969
2016-04-15,102.96444702148438
2016-04-18,100.74299621582031
2016-04-19,100.208740234375
2016-04-20,100.41494750976562
2016-04-21,99.3276596069336
2016-04-22,99.05583190917969
2016-04-25,98.49344635009766
2016-04-26,97.80919647216797
2016-04-27,91.68851470947266
2016-04-28,88.88593292236328
2016-04-29,87.8642349243164
2016-05-02,87.77051544189453
2016-05-03,89.21397399902344
2016-05-04,88.2860336303711
2016-05-05,87.92769622802734
2016-05-06,87.43732452392578
2016-05-09,87.5033187866211
2016-05-10,88.09742736816406
2016-05-11,87.23927307128906
2016-05-12,85.19290924072266
2016-05-13,85.36265563964844
2016-05-16,88.5312271118164
2016-05-17,88.16344451904297
2016-05-18,89.17247772216797
2016-05-19,88.8329849243164
2016-05-20,89.79486846923828
2016-05-23,90.9359359741211
2016-05-24,92.32218933105469
2016-05-25,93.94420623779297
2016-05-26,94.68917846679688
2016-05-27,94.63259887695312
2016-05-31,94.17052459716797
2016-06-01,92.85027313232422
2016-06-02,92.15245819091797
2016-06-03,92.34104919433594
2016-06-06,93.01058959960938
2016-06-07,93.38780975341797
2016-06-08,93.30293273925781
2016-06-09,93.97248077392578
2016-06-10,93.19921112060547
2016-06-13,91.79408264160156
2016-06-14,91.90725708007812
2016-06-15,91.60548400878906
2016-06-16,91.99214935302734
2016-06-17,89.89860534667969
2016-06-20,89.68171691894531
2016-06-21,90.445556640625
2016-06-22,90.10609436035156
2016-06-23,90.62474060058594
2016-06-24,88.07858276367188
2016-06-27,86.7960433959961
2016-06-28,88.25775146484375
2016-06-29,89.02159118652344
2016-06-30,90.1532211303711
2016-07-01,90.42669677734375
2016-07-05,89.57799530029297
2016-07-06,90.08722686767578
2016-07-07,90.47386932373047
2016-07-08,91.17170715332031
2016-07-11,91.4546127319336
2016-07-12,91.86954498291016
2016-07-13,91.35086059570312
2016-07-14,93.16149139404297
2016-07-15,93.15206146240234
2016-07-18,94.1422348022461
2016-07-19,94.1799545288086
2016-07-20,94.26483154296875
2016-07-21,93.76502990722656
2016-07-22,93.03889465332031
2016-07-25,91.79408264160156
2016-07-26,91.16226959228516
2016-07-27,97.08444213867188
2016-07-28,98.39525604248047
2016-07-29,98.2726821899414
2016-08-01,100.0078353881836
2016-08-02,98.52730560302734
2016-08-03,99.76266479492188
2016-08-04,100.37894439697266
2016-08-05,101.90543365478516
2016-08-08,102.74928283691406
2016-08-09,103.16645050048828
2016-08-10,102.39848327636719
2016-08-11,102.33209991455078
2016-08-12,102.56913757324219
2016-08-15,103.8017349243164
2016-08-16,103.70689392089844
2016-08-17,103.55518341064453
2016-08-18,103.42245483398438
2016-08-19,103.68793487548828
2016-08-22,102.88201904296875
2016-08-23,103.20437622070312
2016-08-24,102.42691040039062
2016-08-25,101.99078369140625
2016-08-26,101.3934326171875
2016-08-29,101.27967071533203
2016-08-30,100.50221252441406
2016-08-31,100.5970230102539
2016-09-01,101.19434356689453
2016-09-02,102.1424789428711
2016-09-06,102.11402893066406
2016-09-07,102.73979187011719
2016-09-08,100.04710388183594
2016-09-09,97.78105926513672
2016-09-12,99.97125244140625
2016-09-13,102.35105895996094
2016-09-14,105.97293853759766
2016-09-15,109.57585144042969
2016-09-16,108.95956420898438
2016-09-19,107.68905639648438
2016-09-20,107.67958068847656
2016-09-21,107.66061401367188
2016-09-22,108.67513275146484
2016-09-23,106.86417388916016
2016-09-26,107.0253677368164
2016-09-27,107.22447967529297
2016-09-28,108.03986358642578
2016-09-29,106.36168670654297
2016-09-30,107.18655395507812
2016-10-03,106.68403625488281
2016-10-04,107.1391372680664
2016-10-05,107.18655395507812
2016-10-06,107.98298645019531
2016-10-07,108.14415740966797
2016-10-10,110.03095245361328
2016-10-11,110.26797485351562
2016-10-12,111.25403594970703
2016-10-13,110.9127197265625
2016-10-14,111.52898406982422
2016-10-17,111.45313262939453
2016-10-18,111.37730407714844
2016-10-19,111.04544830322266
2016-10-20,110.98857879638672
2016-10-21,110.55242156982422
2016-10-24,111.5479507446289
2016-10-25,112.11682891845703
2016-10-26,109.59480285644531
2016-10-27,108.54236602783203
2016-10-28,107.82178497314453
2016-10-31,107.651123046875
2016-11-01,105.70744323730469
2016-11-02,105.80226135253906
2016-11-03,104.66822052001953
2016-11-04,103.72472381591797
2016-11-07,105.22093200683594
2016-11-08,105.84037780761719
2016-11-09,105.66886138916016
2016-11-10,102.72408294677734
2016-11-11,103.3340072631836
2016-11-14,100.74183654785156
2016-11-15,102.0760498046875
2016-11-16,104.82067108154297
2016-11-17,104.78254699707031
2016-11-18,104.88740539550781
2016-11-21,106.47891235351562
2016-11-22,106.54560852050781
2016-11-23,106.00240325927734
2016-11-25,106.53608703613281
2016-11-28,106.326416015625
2016-11-29,106.22160339355469
2016-11-30,105.32576751708984
2016-12-01,104.34417724609375
2016-12-02,104.73490142822266
2016-12-05,103.98204803466797
2016-12-06,104.78254699707031
2016-12-07,105.81182098388672
2016-12-08,106.85057830810547
2016-12-09,108.59456634521484
2016-12-12,107.9751205444336
2016-12-13,109.77630615234375
2016-12-14,109.77630615234375
2016-12-15,110.37667846679688
2016-12-16,110.5196304321289
2016-12-19,111.15814971923828
2016-12-20,111.45357513427734
2016-12-21,111.55841064453125
2016-12-22,110.82459259033203
2016-12-23,111.04377746582031
2016-12-27,111.7490005493164
2016-12-28,111.27250671386719
2016-12-29,111.2439193725586
2016-12-30,110.37667846679688
2017-01-03,110.69115447998047
2017-01-04,110.56727600097656
2017-01-05,111.12956237792969
2017-01-06,112.36846923828125
2017-01-09,113.39769744873047
2017-01-10,113.51206970214844
2017-01-11,114.12198638916016
2017-01-12,113.64545440673828
2017-01-13,113.44534301757812
2017-01-17,114.36023712158203
2017-01-18,114.35069274902344
2017-01-19,114.15055847167969
2017-01-20,114.36023712158203
2017-01-23,114.43647766113281
2017-01-24,114.33164978027344
2017-01-25,116.1518783569336
2017-01-26,116.20904541015625
2017-01-27,116.21858215332031
2017-01-30,115.91360473632812
2017-01-31,115.64677429199219
2017-02-01,122.69898986816406
2017-02-02,122.48934173583984
2017-02-03,123.01349639892578
2017-02-06,124.1666259765625
2017-02-07,125.34832763671875
2017-02-08,125.83436584472656
2017-02-09,126.74364471435547
2017-02-10,126.45648956298828
2017-02-13,127.57633972167969
2017-02-14,129.23219299316406
2017-02-15,129.70118713378906
2017-02-16,129.5480499267578
2017-02-17,129.90220642089844
2017-02-21,130.8402099609375
2017-02-22,131.23260498046875
2017-02-23,130.67745971679688
2017-02-24,130.8019256591797
2017-02-27,131.06033325195312
2017-02-28,131.11778259277344
2017-03-01,133.79769897460938
2017-03-02,133.00331115722656
2017-03-03,133.78814697265625
2017-03-06,133.36700439453125
2017-03-07,133.539306640625
2017-03-08,133.0415802001953
2017-03-09,132.73529052734375
2017-03-10,133.17559814453125
2017-03-13,133.23300170898438
2017-03-14,133.0320281982422
2017-03-15,134.43902587890625
2017-03-16,134.6591339111328
2017-03-17,133.98916625976562
2017-03-20,135.39614868164062
2017-03-21,133.8455810546875
2017-03-22,135.3578643798828
2017-03-23,134.87925720214844
2017-03-24,134.6112823486328
2017-03-27,134.8410186767578
2017-03-28,137.63584899902344
2017-03-29,137.9420928955078
2017-03-30,137.76023864746094
2017-03-31,137.50184631347656
2017-04-03,137.54014587402344
2017-04-04,138.5642547607422
2017-04-05,137.8463897705078
2017-04-06,137.50184631347656
2017-04-07,137.195556640625
2017-04-10,137.0328369140625
2017-04-11,135.55886840820312
2017-04-12,135.72154235839844
2017-04-13,135.00372314453125
2017-04-17,135.75027465820312
2017-04-18,135.14730834960938
2017-04-19,134.64956665039062
2017-04-20,136.33413696289062
2017-04-21,136.1714324951172
2017-04-24,137.48269653320312
2017-04-25,138.3345489501953
2017-04-26,137.52099609375
2017-04-27,137.62625122070312
2017-04-28,137.4922637939453
2017-05-01,140.2966766357422
2017-05-02,141.18678283691406
2017-05-03,140.75611877441406
2017-05-04,140.24879455566406
2017-05-05,142.5746307373047
2017-05-08,146.4510498046875
2017-05-09,147.3890380859375
2017-05-10,146.6903076171875
2017-05-11,147.95892333984375
2017-05-12,150.0252685546875
2017-05-15,149.64085388183594
2017-05-16,149.41976928710938
2017-05-17,144.40293884277344
2017-05-18,146.60379028320312
2017-05-19,147.10354614257812
2017-05-22,147.99737548828125
2017-05-23,147.8147735595703
2017-05-24,147.3726806640625
2017-05-25,147.88201904296875
2017-05-26,147.6322021484375
2017-05-30,147.68984985351562
2017-05-31,146.81524658203125
2017-06-01,147.21890258789062
2017-06-02,149.40057373046875
2017-06-05,147.93971252441406
2017-06-06,148.43948364257812
2017-06-07,149.32369995117188
2017-06-08,148.95848083496094
2017-06-09,143.18234252929688
2017-06-12,139.7609100341797
2017-06-13,140.8853759765625
2017-06-14,139.51101684570312
2017-06-15,138.67483520507812
2017-06-16,136.73348999023438
2017-06-19,140.64508056640625
2017-06-20,139.36685180664062
2017-06-21,140.19337463378906
2017-06-22,139.96275329589844
2017-06-23,140.58741760253906
2017-06-26,140.14532470703125
2017-06-27,138.1366424560547
2017-06-28,140.1549530029297
2017-06-29,138.08860778808594
2017-06-30,138.41537475585938
2017-07-03,137.91558837890625
2017-07-05,138.48265075683594
2017-07-06,137.1755828857422
2017-07-07,138.56915283203125
2017-07-10,139.4148712158203
2017-07-11,139.86660766601562
2017-07-12,140.0684356689453
2017-07-13,142.01947021484375
2017-07-14,143.24002075195312
2017-07-17,143.73976135253906
2017-07-18,144.2395477294922
2017-07-19,145.14295959472656
2017-07-20,144.48941040039062
2017-07-21,144.42213439941406
2017-07-24,146.1713409423828
2017-07-25,146.7960205078125
2017-07-26,147.48802185058594
2017-07-27,144.70086669921875
2017-07-28,143.68211364746094
2017-07-31,142.94207763671875
2017-08-01,144.21072387695312
2017-08-02,151.02479553222656
2017-08-03,149.51589965820312
2017-08-04,150.30398559570312
2017-08-07,152.62982177734375
2017-08-08,153.8503875732422
2017-08-09,154.792236328125
2017-08-10,149.86183166503906
2017-08-11,151.94593811035156
2017-08-14,154.23263549804688
2017-08-15,155.92112731933594
2017-08-16,155.2939910888672
2017-08-17,152.31256103515625
2017-08-18,151.96524047851562
2017-08-21,151.6854248046875
2017-08-22,154.1651153564453
2017-08-23,154.35806274414062
2017-08-24,153.6730194091797
2017-08-25,154.24229431152344
2017-08-28,155.79571533203125
2017-08-29,157.1851043701172
2017-08-30,157.6096649169922
2017-08-31,158.23678588867188
2017-09-01,158.28506469726562
2017-09-05,156.38427734375
2017-09-06,156.22021484375
2017-09-07,155.5930938720703
2017-09-08,153.05552673339844
2017-09-11,155.8246612548828
2017-09-12,155.20716857910156
2017-09-13,154.0396728515625
2017-09-14,152.71780395507812
2017-09-15,154.2615966796875
2017-09-18,153.0941162109375
2017-09-19,153.1519775390625
2017-09-20,150.58547973632812
2017-09-21,147.99964904785156
2017-09-22,146.55235290527344
2017-09-25,145.25946044921875
2017-09-26,147.7584228515625
2017-09-27,148.81011962890625
2017-09-28,147.89352416992188
2017-09-29,148.7039794921875
2017-10-02,148.40489196777344
2017-10-03,149.05136108398438
2017-10-04,148.0865020751953
2017-10-05,149.9293670654297
2017-10-06,149.84251403808594
2017-10-09,150.36354064941406
2017-10-10,150.4214324951172
2017-10-11,151.04861450195312
2017-10-12,150.51795959472656
2017-10-13,151.47315979003906
2017-10-16,154.2615966796875
2017-10-17,154.8308563232422
2017-10-18,154.14581298828125
2017-10-19,150.49862670898438
2017-10-20,150.75914001464844
2017-10-23,150.68197631835938
2017-10-24,151.5792694091797
2017-10-25,150.9135284423828
2017-10-26,151.87835693359375
2017-10-27,157.32015991210938
2017-10-30,160.86123657226562
2017-10-31,163.09967041015625
2017-11-01,161.02525329589844
2017-11-02,162.20237731933594
2017-11-03,166.43809509277344
2017-11-06,168.12660217285156
2017-11-07,168.66690063476562
2017-11-08,170.04669189453125
2017-11-09,169.69935607910156
2017-11-10,169.13768005371094
2017-11-13,168.45986938476562
2017-11-14,165.9131317138672
2017-11-15,163.72471618652344
2017-11-16,165.68077087402344
2017-11-17,164.76084899902344
2017-11-20,164.59625244140625
2017-11-21,167.65615844726562
2017-11-22,169.4185028076172
2017-11-24,169.42819213867188
2017-11-27,168.57606506347656
2017-11-28,167.58837890625
2017-11-29,164.11212158203125
2017-11-30,166.40701293945312
2017-12-01,165.63233947753906
2017-12-04,164.4219207763672
2017-12-05,164.26698303222656
2017-12-06,163.65696716308594
2017-12-07,163.95716857910156
2017-12-08,164.0055389404297
2017-12-11,167.20103454589844
2017-12-12,166.26174926757812
2017-12-13,166.81370544433594
2017-12-14,166.76528930664062
2017-12-15,168.45986938476562
2017-12-18,170.832275390625
2017-12-19,169.01177978515625
2017-12-20,168.82781982421875
2017-12-21,169.4669189453125
2017-12-22,169.4669189453125
2017-12-26,165.16757202148438
2017-12-27,165.19662475585938
2017-12-28,165.66140747070312
2017-12-29,163.8699951171875
