Date,^DJI
2008-01-02,13043.9599609375
2008-01-03,13056.7197265625
2008-01-04,12800.1796875
2008-01-07,12827.490234375
2008-01-08,12589.0703125
2008-01-09,12735.3095703125
2008-01-10,12853.08984375
2008-01-11,12606.2998046875
2008-01-14,12778.150390625
2008-01-15,12501.1103515625
2008-01-16,12466.16015625
2008-01-17,12159.2099609375
2008-01-18,12099.2998046875
2008-01-22,11971.1904296875
2008-01-23,12270.169921875
2008-01-24,12378.6103515625
2008-01-25,12207.169921875
2008-01-28,12383.8896484375
2008-01-29,12480.2998046875
2008-01-30,12442.830078125
2008-01-31,12650.3603515625
2008-02-01,12743.1904296875
2008-02-04,12635.16015625
2008-02-05,12265.1298828125
2008-02-06,12200.099609375
2008-02-07,12247.0
2008-02-08,12182.1298828125
2008-02-11,12240.009765625
2008-02-12,12373.41015625
2008-02-13,12552.240234375
2008-02-14,12376.98046875
2008-02-15,12348.2099609375
2008-02-19,12337.2197265625
2008-02-20,12427.259765625
2008-02-21,12284.2998046875
2008-02-22,12381.01953125
2008-02-25,12570.2197265625
2008-02-26,12684.919921875
2008-02-27,12694.2802734375
2008-02-28,12582.1796875
2008-02-29,12266.3896484375
2008-03-03,12258.900390625
2008-03-04,12213.7998046875
2008-03-05,12254.990234375
2008-03-06,12040.3896484375
2008-03-07,11893.6904296875
2008-03-10,11740.150390625
2008-03-11,12156.8095703125
2008-03-12,12110.240234375
2008-03-13,12145.740234375
2008-03-14,11951.08984375
2008-03-17,11972.25
2008-03-18,12392.66015625
2008-03-19,12099.66015625
2008-03-20,12361.3203125
2008-03-24,12548.6396484375
2008-03-25,12532.599609375
2008-03-26,12422.8603515625
2008-03-27,12302.4599609375
2008-03-28,12216.400390625
2008-03-31,12262.8896484375
2008-04-01,12654.3603515625
2008-04-02,12608.919921875
2008-04-03,12626.0302734375
2008-04-04,12609.419921875
2008-04-07,12612.4296875
2008-04-08,12576.4404296875
2008-04-09,12527.259765625
2008-04-10,12581.98046875
2008-04-11,12325.419921875
2008-04-14,12302.0595703125
2008-04-15,12362.4697265625
2008-04-16,12619.26953125
2008-04-17,12620.490234375
2008-04-18,12849.3603515625
2008-04-21,12825.01953125
2008-04-22,12720.23046875
2008-04-23,12763.2197265625
2008-04-24,12848.9501953125
2008-04-25,12891.8603515625
2008-04-28,12871.75
2008-04-29,12831.9404296875
2008-04-30,12820.1298828125
2008-05-01,13010.0
2008-05-02,13058.2001953125
2008-05-05,12969.5400390625
2008-05-06,13020.830078125
2008-05-07,12814.349609375
2008-05-08,12866.7802734375
2008-05-09,12745.8798828125
2008-05-12,12876.3095703125
2008-05-13,12832.1796875
2008-05-14,12898.3798828125
2008-05-15,12992.66015625
2008-05-16,12986.7998046875
2008-05-19,13028.16015625
2008-05-20,12828.6796875
2008-05-21,12601.1904296875
2008-05-22,12625.6201171875
2008-05-23,12479.6298828125
2008-05-27,12548.349609375
2008-05-28,12594.0302734375
2008-05-29,12646.2197265625
2008-05-30,12638.3203125
2008-06-02,12503.8203125
2008-06-03,12402.849609375
2008-06-04,12390.48046875
2008-06-05,12604.4501953125
2008-06-06,12209.8095703125
2008-06-09,12280.3203125
2008-06-10,12289.759765625
2008-06-11,12083.76953125
2008-06-12,12141.580078125
2008-06-13,12307.349609375
2008-06-16,12269.080078125
2008-06-17,12160.2998046875
2008-06-18,12029.0595703125
2008-06-19,12063.08984375
2008-06-20,11842.6904296875
2008-06-23,11842.3603515625
2008-06-24,11807.4296875
2008-06-25,11811.830078125
2008-06-26,11453.419921875
2008-06-27,11346.509765625
2008-06-30,11350.009765625
2008-07-01,11382.259765625
2008-07-02,11215.509765625
2008-07-03,11288.5400390625
2008-07-07,11231.9599609375
2008-07-08,11384.2099609375
2008-07-09,11147.4404296875
2008-07-10,11229.01953125
2008-07-11,11100.5400390625
2008-07-14,11055.1904296875
2008-07-15,10962.5400390625
2008-07-16,11239.2802734375
2008-07-17,11446.66015625
2008-07-18,11496.5703125
2008-07-21,11467.33984375
2008-07-22,11602.5
2008-07-23,11632.3798828125
2008-07-24,11349.2802734375
2008-07-25,11370.6904296875
2008-07-28,11131.080078125
2008-07-29,11397.5595703125
2008-07-30,11583.6904296875
2008-07-31,11378.01953125
2008-08-01,11326.3203125
2008-08-04,11284.150390625
2008-08-05,11615.76953125
2008-08-06,11656.0703125
2008-08-07,11431.4296875
2008-08-08,11734.3203125
2008-08-11,11782.349609375
2008-08-12,11642.4697265625
2008-08-13,11532.9599609375
2008-08-14,11615.9296875
2008-08-15,11659.900390625
2008-08-18,11479.3896484375
2008-08-19,11348.5498046875
2008-08-20,11417.4296875
2008-08-21,11430.2099609375
2008-08-22,11628.0595703125
2008-08-25,11386.25
2008-08-26,11412.8701171875
2008-08-27,11502.509765625
2008-08-28,11715.1796875
2008-08-29,11543.9599609375
2008-09-02,11516.919921875
2008-09-03,11532.8798828125
2008-09-04,11188.23046875
2008-09-05,11220.9599609375
2008-09-08,11510.740234375
2008-09-09,11230.73046875
2008-09-10,11268.919921875
2008-09-11,11433.7099609375
2008-09-12,11421.990234375
2008-09-15,10917.509765625
2008-09-16,11059.01953125
2008-09-17,10609.66015625
2008-09-18,11019.6904296875
2008-09-19,11388.4404296875
2008-09-22,11015.6904296875
2008-09-23,10854.169921875
2008-09-24,10825.169921875
2008-09-25,11022.0595703125
2008-09-26,11143.1298828125
2008-09-29,10365.4501953125
2008-09-30,10850.66015625
2008-10-01,10831.0703125
2008-10-02,10482.849609375
2008-10-03,10325.3798828125
2008-10-06,9955.5
2008-10-07,9447.1103515625
2008-10-08,9258.099609375
2008-10-09,8579.1904296875
2008-10-10,8451.1904296875
2008-10-13,9387.6103515625
2008-10-14,9310.990234375
2008-10-15,8577.91015625
2008-10-16,8979.259765625
2008-10-17,8852.2197265625
2008-10-20,9265.4296875
2008-10-21,9033.66015625
2008-10-22,8519.2099609375
2008-10-23,8691.25
2008-10-24,8378.9501953125
2008-10-27,8175.77001953125
2008-10-28,9065.1201171875
2008-10-29,8990.9599609375
2008-10-30,9180.6904296875
2008-10-31,9325.009765625
2008-11-03,9319.830078125
2008-11-04,9625.2802734375
2008-11-05,9139.26953125
2008-11-06,8695.7900390625
2008-11-07,8943.8095703125
2008-11-10,8870.5400390625
2008-11-11,8693.9599609375
2008-11-12,8282.66015625
2008-11-13,8835.25
2008-11-14,8497.3095703125
2008-11-17,8273.580078125
2008-11-18,8424.75
2008-11-19,7997.27978515625
2008-11-20,7552.2900390625
2008-11-21,8046.419921875
2008-11-24,8443.3896484375
2008-11-25,8479.4697265625
2008-11-26,8726.6103515625
2008-11-28,8829.0400390625
2008-12-01,8149.08984375
2008-12-02,8419.08984375
2008-12-03,8591.6904296875
2008-12-04,8376.240234375
2008-12-05,8635.419921875
2008-12-08,8934.1796875
2008-12-09,8691.330078125
2008-12-10,8761.419921875
2008-12-11,8565.08984375
2008-12-12,8629.6796875
2008-12-15,8564.5302734375
2008-12-16,8924.1396484375
2008-12-17,8824.33984375
2008-12-18,8604.990234375
2008-12-19,8579.1103515625
2008-12-22,8519.6904296875
2008-12-23,8419.490234375
2008-12-24,8468.48046875
2008-12-26,8515.5498046875
2008-12-29,8483.9296875
2008-12-30,8668.3896484375
2008-12-31,8776.3896484375
2009-01-02,9034.6904296875
2009-01-05,8952.8896484375
2009-01-06,9015.099609375
2009-01-07,8769.7001953125
2009-01-08,8742.4599609375
2009-01-09,8599.1796875
2009-01-12,8473.9697265625
2009-01-13,8448.5595703125
2009-01-14,8200.1396484375
2009-01-15,8212.490234375
2009-01-16,8281.2197265625
2009-01-20,7949.08984375
2009-01-21,8228.099609375
2009-01-22,8122.7998046875
2009-01-23,8077.56005859375
2009-01-26,8116.02978515625
2009-01-27,8174.72998046875
2009-01-28,8375.4501953125
2009-01-29,8149.009765625
2009-01-30,8000.85986328125
2009-02-02,7936.75
2009-02-03,8078.35986328125
2009-02-04,7956.66015625
2009-02-05,8063.06982421875
2009-02-06,8280.58984375
2009-02-09,8270.8701171875
2009-02-10,7888.8798828125
2009-02-11,7939.52978515625
2009-02-12,7932.759765625
2009-02-13,7850.41015625
2009-02-17,7552.60009765625
2009-02-18,7555.6298828125
2009-02-19,7465.9501953125
2009-02-20,7365.669921875
2009-02-23,7114.77978515625
2009-02-24,7350.93994140625
2009-02-25,7270.89013671875
2009-02-26,7182.080078125
2009-02-27,7062.93017578125
2009-03-02,6763.2900390625
2009-03-03,6726.02001953125
2009-03-04,6875.83984375
2009-03-05,6594.43994140625
2009-03-06,6626.93994140625
2009-03-09,6547.0498046875
2009-03-10,6926.490234375
2009-03-11,6930.39990234375
2009-03-12,7170.06005859375
2009-03-13,7223.97998046875
2009-03-16,7216.97021484375
2009-03-17,7395.7001953125
2009-03-18,7486.580078125
2009-03-19,7400.7998046875
2009-03-20,7278.3798828125
2009-03-23,7775.85986328125
2009-03-24,7659.97021484375
2009-03-25,7749.81005859375
2009-03-26,7924.56005859375
2009-03-27,7776.18017578125
2009-03-30,7522.02001953125
2009-03-31,7608.919921875
2009-04-01,7761.60009765625
2009-04-02,7978.080078125
2009-04-03,8017.58984375
2009-04-06,7975.85009765625
2009-04-07,7789.56005859375
2009-04-08,7837.10986328125
2009-04-09,8083.3798828125
2009-04-13,8057.81005859375
2009-04-14,7920.18017578125
2009-04-15,8029.6201171875
2009-04-16,8125.43017578125
2009-04-17,8131.330078125
2009-04-20,7841.72998046875
2009-04-21,7969.56005859375
2009-04-22,7886.56982421875
2009-04-23,7957.06005859375
2009-04-24,8076.2900390625
2009-04-27,8025.0
2009-04-28,8016.9501953125
2009-04-29,8185.72998046875
2009-04-30,8168.1201171875
2009-05-01,8212.41015625
2009-05-04,8426.740234375
2009-05-05,8410.650390625
2009-05-06,8512.2802734375
2009-05-07,8409.849609375
2009-05-08,8574.650390625
2009-05-11,8418.76953125
2009-05-12,8469.1103515625
2009-05-13,8284.8896484375
2009-05-14,8331.3203125
2009-05-15,8268.6396484375
2009-05-18,8504.080078125
2009-05-19,8474.849609375
2009-05-20,8422.0400390625
2009-05-21,8292.1298828125
2009-05-22,8277.3203125
2009-05-26,8473.490234375
2009-05-27,8300.01953125
2009-05-28,8403.7998046875
2009-05-29,8500.330078125
2009-06-01,8721.4404296875
2009-06-02,8740.8701171875
2009-06-03,8675.240234375
2009-06-04,8750.240234375
2009-06-05,8763.1298828125
2009-06-08,8764.490234375
2009-06-09,8763.0595703125
2009-06-10,8739.01953125
2009-06-11,8770.919921875
2009-06-12,8799.259765625
2009-06-15,8612.1298828125
2009-06-16,8504.669921875
2009-06-17,8497.1796875
2009-06-18,8555.599609375
2009-06-19,8539.73046875
2009-06-22,8339.009765625
2009-06-23,8322.91015625
2009-06-24,8299.8603515625
2009-06-25,8472.400390625
2009-06-26,8438.3896484375
2009-06-29,8529.3798828125
2009-06-30,8447.0
2009-07-01,8504.0595703125
2009-07-02,8280.740234375
2009-07-06,8324.8701171875
2009-07-07,8163.60009765625
2009-07-08,8178.41015625
2009-07-09,8183.169921875
2009-07-10,8146.52001953125
2009-07-13,8331.6796875
2009-07-14,8359.490234375
2009-07-15,8616.2099609375
2009-07-16,8711.8203125
2009-07-17,8743.9404296875
2009-07-20,8848.150390625
2009-07-21,8915.9404296875
2009-07-22,8881.259765625
2009-07-23,9069.2900390625
2009-07-24,9093.240234375
2009-07-27,9108.509765625
2009-07-28,9096.7197265625
2009-07-29,9070.7197265625
2009-07-30,9154.4599609375
2009-07-31,9171.6103515625
2009-08-03,9286.5595703125
2009-08-04,9320.1904296875
2009-08-05,9280.9697265625
2009-08-06,9256.259765625
2009-08-07,9370.0703125
2009-08-10,9337.9501953125
2009-08-11,9241.4501953125
2009-08-12,9361.6103515625
2009-08-13,9398.1904296875
2009-08-14,9321.400390625
2009-08-17,9135.33984375
2009-08-18,9217.9404296875
2009-08-19,9279.16015625
2009-08-20,9350.0498046875
2009-08-21,9505.9599609375
2009-08-24,9509.2802734375
2009-08-25,9539.2900390625
2009-08-26,9543.51953125
2009-08-27,9580.6298828125
2009-08-28,9544.2001953125
2009-08-31,9496.2802734375
2009-09-01,9310.599609375
2009-09-02,9280.669921875
2009-09-03,9344.6103515625
2009-09-04,9441.26953125
2009-09-08,9497.33984375
2009-09-09,9547.2197265625
2009-09-10,9627.48046875
2009-09-11,9605.41015625
2009-09-14,9626.7998046875
2009-09-15,9683.41015625
2009-09-16,9791.7099609375
2009-09-17,9783.919921875
2009-09-18,9820.2001953125
2009-09-21,9778.8603515625
2009-09-22,9829.8701171875
2009-09-23,9748.5498046875
2009-09-24,9707.4404296875
2009-09-25,9665.1904296875
2009-09-28,9789.3603515625
2009-09-29,9742.2001953125
2009-09-30,9712.2802734375
2009-10-01,9509.2802734375
2009-10-02,9487.669921875
2009-10-05,9599.75
2009-10-06,9731.25
2009-10-07,9725.580078125
2009-10-08,9786.8701171875
2009-10-09,9864.9404296875
2009-10-12,9885.7998046875
2009-10-13,9871.0595703125
2009-10-14,10015.8603515625
2009-10-15,10062.9404296875
2009-10-16,9995.91015625
2009-10-19,10092.1904296875
2009-10-20,10041.48046875
2009-10-21,9949.3603515625
2009-10-22,10081.3095703125
2009-10-23,9972.1796875
2009-10-26,9867.9599609375
2009-10-27,9882.169921875
2009-10-28,9762.6904296875
2009-10-29,9962.580078125
2009-10-30,9712.73046875
2009-11-02,9789.4404296875
2009-11-03,9771.91015625
2009-11-04,9802.1396484375
2009-11-05,10005.9599609375
2009-11-06,10023.419921875
2009-11-09,10226.9404296875
2009-11-10,10246.9697265625
2009-11-11,10291.259765625
2009-11-12,10197.4697265625
2009-11-13,10270.4697265625
2009-11-16,10406.9599609375
2009-11-17,10437.419921875
2009-11-18,10426.3095703125
2009-11-19,10332.4404296875
2009-11-20,10318.16015625
2009-11-23,10450.9501953125
2009-11-24,10433.7099609375
2009-11-25,10464.400390625
2009-11-27,10309.919921875
2009-11-30,10344.83984375
2009-12-01,10471.580078125
2009-12-02,10452.6796875
2009-12-03,10366.150390625
2009-12-04,10388.900390625
2009-12-07,10390.1103515625
2009-12-08,10285.9697265625
2009-12-09,10337.0498046875
2009-12-10,10405.830078125
2009-12-11,10471.5
2009-12-14,10501.0498046875
2009-12-15,10452.0
2009-12-16,10441.1201171875
2009-12-17,10308.259765625
2009-12-18,10328.8896484375
2009-12-21,10414.1396484375
2009-12-22,10464.9296875
2009-12-23,10466.4404296875
2009-12-24,10520.08984375
2009-12-28,10547.080078125
2009-12-29,10545.41015625
2009-12-30,10548.509765625
2009-12-31,10428.0498046875
2010-01-04,10583.9599609375
2010-01-05,10572.01953125
2010-01-06,10573.6796875
2010-01-07,10606.8603515625
2010-01-08,10618.1904296875
2010-01-11,10663.990234375
2010-01-12,10627.259765625
2010-01-13,10680.76953125
2010-01-14,10710.5498046875
2010-01-15,10609.650390625
2010-01-19,10725.4296875
2010-01-20,10603.150390625
2010-01-21,10389.8798828125
2010-01-22,10172.98046875
2010-01-25,10196.8603515625
2010-01-26,10194.2900390625
2010-01-27,10236.16015625
2010-01-28,10120.4599609375
2010-01-29,10067.330078125
2010-02-01,10185.5302734375
2010-02-02,10296.849609375
2010-02-03,10270.5498046875
2010-02-04,10002.1796875
2010-02-05,10012.23046875
2010-02-08,9908.3896484375
2010-02-09,10058.6396484375
2010-02-10,10038.3798828125
2010-02-11,10144.1904296875
2010-02-12,10099.1396484375
2010-02-16,10268.8095703125
2010-02-17,10309.240234375
2010-02-18,10392.900390625
2010-02-19,10402.349609375
2010-02-22,10383.3798828125
2010-02-23,10282.41015625
2010-02-24,10374.16015625
2010-02-25,10321.0302734375
2010-02-26,10325.259765625
2010-03-01,10403.7900390625
2010-03-02,10405.98046875
2010-03-03,10396.759765625
2010-03-04,10444.1396484375
2010-03-05,10566.2001953125
2010-03-08,10552.51953125
2010-03-09,10564.3798828125
2010-03-10,10567.330078125
2010-03-11,10611.83984375
2010-03-12,10624.6904296875
2010-03-15,10642.150390625
2010-03-16,10685.98046875
2010-03-17,10733.669921875
2010-03-18,10779.169921875
2010-03-19,10741.98046875
2010-03-22,10785.8896484375
2010-03-23,10888.830078125
2010-03-24,10836.150390625
2010-03-25,10841.2099609375
2010-03-26,10850.3603515625
2010-03-29,10895.8603515625
2010-03-30,10907.419921875
2010-03-31,10856.6298828125
2010-04-01,10927.0703125
2010-04-05,10973.5498046875
2010-04-06,10969.990234375
2010-04-07,10897.51953125
2010-04-08,10927.0703125
2010-04-09,10997.349609375
2010-04-12,11005.9697265625
2010-04-13,11019.419921875
2010-04-14,11123.1103515625
2010-04-15,11144.5703125
2010-04-16,11018.66015625
2010-04-19,11092.0498046875
2010-04-20,11117.0595703125
2010-04-21,11124.919921875
2010-04-22,11134.2900390625
2010-04-23,11204.2802734375
2010-04-26,11205.0302734375
2010-04-27,10991.990234375
2010-04-28,11045.26953125
2010-04-29,11167.3203125
2010-04-30,11008.6103515625
2010-05-03,11151.830078125
2010-05-04,10926.76953125
2010-05-05,10866.830078125
2010-05-06,10520.3203125
2010-05-07,10380.4296875
2010-05-10,10785.1396484375
2010-05-11,10748.259765625
2010-05-12,10896.91015625
2010-05-13,10782.9501953125
2010-05-14,10620.16015625
2010-05-17,10625.830078125
2010-05-18,10510.9501953125
2010-05-19,10444.3701171875
2010-05-20,10068.009765625
2010-05-21,10193.3896484375
2010-05-24,10066.5703125
2010-05-25,10043.75
2010-05-26,9974.4501953125
2010-05-27,10258.990234375
2010-05-28,10136.6298828125
2010-06-01,10024.01953125
2010-06-02,10249.5400390625
2010-06-03,10255.2802734375
2010-06-04,9931.9697265625
2010-06-07,9816.490234375
2010-06-08,9939.98046875
2010-06-09,9899.25
2010-06-10,10172.5302734375
2010-06-11,10211.0703125
2010-06-14,10190.8896484375
2010-06-15,10404.76953125
2010-06-16,10409.4599609375
2010-06-17,10434.169921875
2010-06-18,10450.6396484375
2010-06-21,10442.41015625
2010-06-22,10293.51953125
2010-06-23,10298.4404296875
2010-06-24,10152.7998046875
2010-06-25,10143.8095703125
2010-06-28,10138.51953125
2010-06-29,9870.2998046875
2010-06-30,9774.01953125
2010-07-01,9732.5302734375
2010-07-02,9686.48046875
2010-07-06,9743.6201171875
2010-07-07,10018.2802734375
2010-07-08,10138.990234375
2010-07-09,10198.0302734375
2010-07-12,10216.26953125
2010-07-13,10363.01953125
2010-07-14,10366.7197265625
2010-07-15,10359.3095703125
2010-07-16,10097.900390625
2010-07-19,10154.4296875
2010-07-20,10229.9599609375
2010-07-21,10120.5302734375
2010-07-22,10322.2998046875
2010-07-23,10424.6201171875
2010-07-26,10525.4296875
2010-07-27,10537.6904296875
2010-07-28,10497.8798828125
2010-07-29,10467.16015625
2010-07-30,10465.9404296875
2010-08-02,10674.3798828125
2010-08-03,10636.3798828125
2010-08-04,10680.4296875
2010-08-05,10674.98046875
2010-08-06,10653.5595703125
2010-08-09,10698.75
2010-08-10,10644.25
2010-08-11,10378.830078125
2010-08-12,10319.9501953125
2010-08-13,10303.150390625
2010-08-16,10302.009765625
2010-08-17,10405.849609375
2010-08-18,10415.5400390625
2010-08-19,10271.2099609375
2010-08-20,10213.6201171875
2010-08-23,10174.41015625
2010-08-24,10040.4501953125
2010-08-25,10060.0595703125
2010-08-26,9985.8095703125
2010-08-27,10150.650390625
2010-08-30,10009.73046875
2010-08-31,10014.7197265625
2010-09-01,10269.4697265625
2010-09-02,10320.099609375
2010-09-03,10447.9296875
2010-09-07,10340.6904296875
2010-09-08,10387.009765625
2010-09-09,10415.240234375
2010-09-10,10462.76953125
2010-09-13,10544.1298828125
2010-09-14,10526.490234375
2010-09-15,10572.73046875
2010-09-16,10594.830078125
2010-09-17,10607.849609375
2010-09-20,10753.6201171875
2010-09-21,10761.0302734375
2010-09-22,10739.3095703125
2010-09-23,10662.419921875
2010-09-24,10860.259765625
2010-09-27,10812.0400390625
2010-09-28,10858.1396484375
2010-09-29,10835.2802734375
2010-09-30,10788.0498046875
2010-10-01,10829.6796875
2010-10-04,10751.26953125
2010-10-05,10944.7197265625
2010-10-06,10967.650390625
2010-10-07,10948.580078125
2010-10-08,11006.48046875
2010-10-11,11010.33984375
2010-10-12,11020.400390625
2010-10-13,11096.080078125
2010-10-14,11094.5703125
2010-10-15,11062.7802734375
2010-10-18,11143.6904296875
2010-10-19,10978.6201171875
2010-10-20,11107.9697265625
2010-10-21,11146.5703125
2010-10-22,11132.5595703125
2010-10-25,11164.0498046875
2010-10-26,11169.4599609375
2010-10-27,11126.2802734375
2010-10-28,11113.9501953125
2010-10-29,11118.490234375
2010-11-01,11124.6201171875
2010-11-02,11188.7197265625
2010-11-03,11215.1298828125
2010-11-04,11434.83984375
2010-11-05,11444.080078125
2010-11-08,11406.83984375
2010-11-09,11346.75
2010-11-10,11357.0400390625
2010-11-11,11283.099609375
2010-11-12,11192.580078125
2010-11-15,11201.9697265625
2010-11-16,11023.5
2010-11-17,11007.8798828125
2010-11-18,11181.23046875
2010-11-19,11203.5498046875
2010-11-22,11178.580078125
2010-11-23,11036.3701171875
2010-11-24,11187.2802734375
2010-11-26,11091.8701171875
2010-11-29,11052.490234375
2010-11-30,11006.01953125
2010-12-01,11255.7802734375
2010-12-02,11362.41015625
2010-12-03,11382.08984375
2010-12-06,11362.1904296875
2010-12-07,11359.16015625
2010-12-08,11372.48046875
2010-12-09,11370.0595703125
2010-12-10,11410.3203125
2010-12-13,11428.5595703125
2010-12-14,11476.5400390625
2010-12-15,11457.4697265625
2010-12-16,11499.25
2010-12-17,11491.91015625
2010-12-20,11478.1298828125
2010-12-21,11533.16015625
2010-12-22,11559.490234375
2010-12-23,11573.490234375
2010-12-27,11555.0302734375
2010-12-28,11575.5400390625
2010-12-29,11585.3798828125
2010-12-30,11569.7099609375
2010-12-31,11577.509765625
2011-01-03,11670.75
2011-01-04,11691.1796875
2011-01-05,11722.8896484375
2011-01-06,11697.3095703125
2011-01-07,11674.759765625
2011-01-10,11637.4501953125
2011-01-11,11671.8798828125
2011-01-12,11755.4404296875
2011-01-13,11731.900390625
2011-01-14,11787.3798828125
2011-01-18,11837.9296875
2011-01-19,11825.2900390625
2011-01-20,11822.7998046875
2011-01-21,11871.83984375
2011-01-24,11980.51953125
2011-01-25,11977.1904296875
2011-01-26,11985.4404296875
2011-01-27,11989.830078125
2011-01-28,11823.7001953125
2011-01-31,11891.9296875
2011-02-01,12040.16015625
2011-02-02,12041.9697265625
2011-02-03,12062.259765625
2011-02-04,12092.150390625
2011-02-07,12161.6298828125
2011-02-08,12233.150390625
2011-02-09,12239.8896484375
2011-02-10,12229.2900390625
2011-02-11,12273.259765625
2011-02-14,12268.1904296875
2011-02-15,12226.6396484375
2011-02-16,12288.169921875
2011-02-17,12318.1396484375
2011-02-18,12391.25
2011-02-22,12212.7900390625
2011-02-23,12105.7802734375
2011-02-24,12068.5
2011-02-25,12130.4501953125
2011-02-28,12226.33984375
2011-03-01,12058.01953125
2011-03-02,12066.7998046875
2011-03-03,12258.2001953125
2011-03-04,12169.8798828125
2011-03-07,12090.0302734375
2011-03-08,12214.3798828125
2011-03-09,12213.08984375
2011-03-10,11984.6103515625
2011-03-11,12044.400390625
2011-03-14,11993.16015625
2011-03-15,11855.419921875
2011-03-16,11613.2998046875
2011-03-17,11774.58984375
2011-03-18,11858.51953125
2011-03-21,12036.5302734375
2011-03-22,12018.6298828125
2011-03-23,12086.01953125
2011-03-24,12170.5595703125
2011-03-25,12220.58984375
2011-03-28,12197.8798828125
2011-03-29,12279.009765625
2011-03-30,12350.6103515625
2011-03-31,12319.73046875
2011-04-01,12376.7197265625
2011-04-04,12400.0302734375
2011-04-05,12393.900390625
2011-04-06,12426.75
2011-04-07,12409.490234375
2011-04-08,12380.0498046875
2011-04-11,12381.1103515625
2011-04-12,12263.580078125
2011-04-13,12270.990234375
2011-04-14,12285.150390625
2011-04-15,12341.830078125
2011-04-18,12201.58984375
2011-04-19,12266.75
2011-04-20,12453.5400390625
2011-04-21,12505.990234375
2011-04-25,12479.8798828125
2011-04-26,12595.3701171875
2011-04-27,12690.9599609375
2011-04-28,12763.3095703125
2011-04-29,12810.5400390625
2011-05-02,12807.3603515625
2011-05-03,12807.509765625
2011-05-04,12723.580078125
2011-05-05,12584.169921875
2011-05-06,12638.740234375
2011-05-09,12684.6796875
2011-05-10,12760.3603515625
2011-05-11,12630.0302734375
2011-05-12,12695.919921875
2011-05-13,12595.75
2011-05-16,12548.3701171875
2011-05-17,12479.580078125
2011-05-18,12560.1796875
2011-05-19,12605.3203125
2011-05-20,12512.0400390625
2011-05-23,12381.259765625
2011-05-24,12356.2099609375
2011-05-25,12394.66015625
2011-05-26,12402.759765625
2011-05-27,12441.580078125
2011-05-31,12569.7900390625
2011-06-01,12290.1396484375
2011-06-02,12248.5498046875
2011-06-03,12151.259765625
2011-06-06,12089.9599609375
2011-06-07,12070.8095703125
2011-06-08,12048.9404296875
2011-06-09,12124.3603515625
2011-06-10,11951.91015625
2011-06-13,11952.9697265625
2011-06-14,12076.1103515625
2011-06-15,11897.26953125
2011-06-16,11961.51953125
2011-06-17,12004.3603515625
2011-06-20,12080.3798828125
2011-06-21,12190.009765625
2011-06-22,12109.669921875
2011-06-23,12050.0
2011-06-24,11934.580078125
2011-06-27,12043.5595703125
2011-06-28,12188.6904296875
2011-06-29,12261.419921875
2011-06-30,12414.33984375
2011-07-01,12582.76953125
2011-07-05,12569.8701171875
2011-07-06,12626.01953125
2011-07-07,12719.490234375
2011-07-08,12657.2001953125
2011-07-11,12505.759765625
2011-07-12,12446.8798828125
2011-07-13,12491.6103515625
2011-07-14,12437.1201171875
2011-07-15,12479.73046875
2011-07-18,12385.16015625
2011-07-19,12587.419921875
2011-07-20,12571.91015625
2011-07-21,12724.41015625
2011-07-22,12681.16015625
2011-07-25,12592.7998046875
2011-07-26,12501.2998046875
2011-07-27,12302.5498046875
2011-07-28,12240.1103515625
2011-07-29,12143.240234375
2011-08-01,12132.490234375
2011-08-02,11866.6201171875
2011-08-03,11896.4404296875
2011-08-04,11383.6796875
2011-08-05,11444.6103515625
2011-08-08,10809.849609375
2011-08-09,11239.76953125
2011-08-10,10719.9404296875
2011-08-11,11143.3095703125
2011-08-12,11269.01953125
2011-08-15,11482.900390625
2011-08-16,11405.9296875
2011-08-17,11410.2099609375
2011-08-18,10990.580078125
2011-08-19,10817.650390625
2011-08-22,10854.650390625
2011-08-23,11176.759765625
2011-08-24,11320.7099609375
2011-08-25,11149.8203125
2011-08-26,11284.5400390625
2011-08-29,11539.25
2011-08-30,11559.9501953125
2011-08-31,11613.5302734375
2011-09-01,11493.5703125
2011-09-02,11240.259765625
2011-09-06,11139.2998046875
2011-09-07,11414.8603515625
2011-09-08,11295.8095703125
2011-09-09,10992.1298828125
2011-09-12,11061.1201171875
2011-09-13,11105.849609375
2011-09-14,11246.73046875
2011-09-15,11433.1796875
2011-09-16,11509.08984375
2011-09-19,11401.009765625
2011-09-20,11408.66015625
2011-09-21,11124.83984375
2011-09-22,10733.830078125
2011-09-23,10771.48046875
2011-09-26,11043.8603515625
2011-09-27,11190.6904296875
2011-09-28,11010.900390625
2011-09-29,11153.98046875
2011-09-30,10913.3798828125
2011-10-03,10655.2998046875
2011-10-04,10808.7099609375
2011-10-05,10939.9501953125
2011-10-06,11123.330078125
2011-10-07,11103.1201171875
2011-10-10,11433.1796875
2011-10-11,11416.2998046875
2011-10-12,11518.849609375
2011-10-13,11478.1298828125
2011-10-14,11644.490234375
2011-10-17,11397.0
2011-10-18,11577.0498046875
2011-10-19,11504.6201171875
2011-10-20,11541.7802734375
2011-10-21,11808.7900390625
2011-10-24,11913.6201171875
2011-10-25,11706.6201171875
2011-10-26,11869.0400390625
2011-10-27,12208.5498046875
2011-10-28,12231.1103515625
2011-10-31,11955.009765625
2011-11-01,11657.9599609375
2011-11-02,11836.0400390625
2011-11-03,12044.4697265625
2011-11-04,11983.240234375
2011-11-07,12068.3896484375
2011-11-08,12170.1796875
2011-11-09,11780.9404296875
2011-11-10,11893.8603515625
2011-11-11,12153.6796875
2011-11-14,12078.98046875
2011-11-15,12096.16015625
2011-11-16,11905.58984375
2011-11-17,11770.73046875
2011-11-18,11796.16015625
2011-11-21,11547.3095703125
2011-11-22,11493.7197265625
2011-11-23,11257.5498046875
2011-11-25,11231.650390625
2011-11-28,11523.009765625
2011-11-29,11555.6298828125
2011-11-30,12045.6796875
2011-12-01,12020.0302734375
2011-12-02,12019.419921875
2011-12-05,12097.830078125
2011-12-06,12150.1298828125
2011-12-07,12196.3701171875
2011-12-08,11997.7001953125
2011-12-09,12184.259765625
2011-12-12,12021.3896484375
2011-12-13,11954.9404296875
2011-12-14,11823.48046875
2011-12-15,11868.8095703125
2011-12-16,11866.3896484375
2011-12-19,11766.259765625
2011-12-20,12103.580078125
2011-12-21,12107.740234375
2011-12-22,12169.650390625
2011-12-23,12294.0
2011-12-27,12291.349609375
2011-12-28,12151.41015625
2011-12-29,12287.0400390625
2011-12-30,12217.5595703125
2012-01-03,12397.3798828125
2012-01-04,12418.419921875
2012-01-05,12415.7001953125
2012-01-06,12359.919921875
2012-01-09,12392.6904296875
2012-01-10,12462.4697265625
2012-01-11,12449.4501953125
2012-01-12,12471.01953125
2012-01-13,12422.0595703125
2012-01-17,12482.0703125
2012-01-18,12578.9501953125
2012-01-19,12623.98046875
2012-01-20,12720.48046875
2012-01-23,12708.8203125
2012-01-24,12675.75
2012-01-25,12758.849609375
2012-01-26,12734.6298828125
2012-01-27,12660.4599609375
2012-01-30,12653.7197265625
2012-01-31,12632.91015625
2012-02-01,12716.4599609375
2012-02-02,12705.41015625
2012-02-03,12862.23046875
2012-02-06,12845.1298828125
2012-02-07,12878.2001953125
2012-02-08,12883.9501953125
2012-02-09,12890.4599609375
2012-02-10,12801.23046875
2012-02-13,12874.0400390625
2012-02-14,12878.2802734375
2012-02-15,12780.9501953125
2012-02-16,12904.080078125
2012-02-17,12949.8701171875
2012-02-21,12965.6904296875
2012-02-22,12938.669921875
2012-02-23,12984.6904296875
2012-02-24,12982.9501953125
2012-02-27,12981.509765625
2012-02-28,13005.1201171875
2012-02-29,12952.0703125
2012-03-01,12980.2998046875
2012-03-02,12977.5703125
2012-03-05,12962.8095703125
2012-03-06,12759.150390625
2012-03-07,12837.330078125
2012-03-08,12907.9404296875
2012-03-09,12922.01953125
2012-03-12,12959.7099609375
2012-03-13,13177.6796875
2012-03-14,13194.099609375
2012-03-15,13252.759765625
2012-03-16,13232.6201171875
2012-03-19,13239.1298828125
2012-03-20,13170.1904296875
2012-03-21,13124.6201171875
2012-03-22,13046.1396484375
2012-03-23,13080.73046875
2012-03-26,13241.6298828125
2012-03-27,13197.73046875
2012-03-28,13126.2099609375
2012-03-29,13145.8203125
2012-03-30,13212.0400390625
2012-04-02,13264.490234375
2012-04-03,13199.5498046875
2012-04-04,13074.75
2012-04-05,13060.1396484375
2012-04-09,12929.58984375
2012-04-10,12715.9296875
2012-04-11,12805.3896484375
2012-04-12,12986.580078125
2012-04-13,12849.58984375
2012-04-16,12921.41015625
2012-04-17,13115.5400390625
2012-04-18,13032.75
2012-04-19,12964.099609375
2012-04-20,13029.259765625
2012-04-23,12927.169921875
2012-04-24,13001.5595703125
2012-04-25,13090.7197265625
2012-04-26,13204.6201171875
2012-04-27,13228.3095703125
2012-04-30,13213.6298828125
2012-05-01,13279.3203125
2012-05-02,13268.5703125
2012-05-03,13206.58984375
2012-05-04,13038.26953125
2012-05-07,13008.5302734375
2012-05-08,12932.08984375
2012-05-09,12835.0595703125
2012-05-10,12855.0400390625
2012-05-11,12820.599609375
2012-05-14,12695.349609375
2012-05-15,12632.0
2012-05-16,12598.5498046875
2012-05-17,12442.490234375
2012-05-18,12369.3798828125
2012-05-21,12504.48046875
2012-05-22,12502.8095703125
2012-05-23,12496.150390625
2012-05-24,12529.75
2012-05-25,12454.830078125
2012-05-29,12580.6904296875
2012-05-30,12419.8603515625
2012-05-31,12393.4501953125
2012-06-01,12118.5703125
2012-06-04,12101.4599609375
2012-06-05,12127.9501953125
2012-06-06,12414.7900390625
2012-06-07,12460.9599609375
2012-06-08,12554.2001953125
2012-06-11,12411.23046875
2012-06-12,12573.7998046875
2012-06-13,12496.3798828125
2012-06-14,12651.91015625
2012-06-15,12767.169921875
2012-06-18,12741.8203125
2012-06-19,12837.330078125
2012-06-20,12824.3896484375
2012-06-21,12573.5703125
2012-06-22,12640.7802734375
2012-06-25,12502.66015625
2012-06-26,12534.669921875
2012-06-27,12627.009765625
2012-06-28,12602.259765625
2012-06-29,12880.08984375
2012-07-02,12871.3896484375
2012-07-03,12943.66015625
2012-07-05,12896.669921875
2012-07-06,12772.4697265625
2012-07-09,12736.2900390625
2012-07-10,12653.1201171875
2012-07-11,12604.5302734375
2012-07-12,12573.26953125
2012-07-13,12777.08984375
2012-07-16,12727.2099609375
2012-07-17,12805.5400390625
2012-07-18,12908.7001953125
2012-07-19,12943.3603515625
2012-07-20,12822.5703125
2012-07-23,12721.4599609375
2012-07-24,12617.3203125
2012-07-25,12676.0498046875
2012-07-26,12887.9296875
2012-07-27,13075.66015625
2012-07-30,13073.009765625
2012-07-31,13008.6796875
2012-08-01,12976.1298828125
2012-08-02,12878.8798828125
2012-08-03,13096.169921875
2012-08-06,13117.509765625
2012-08-07,13168.599609375
2012-08-08,13175.6396484375
2012-08-09,13165.1904296875
2012-08-10,13207.9501953125
2012-08-13,13169.4296875
2012-08-14,13172.1396484375
2012-08-15,13164.7802734375
2012-08-16,13250.1103515625
2012-08-17,13275.2001953125
2012-08-20,13271.6396484375
2012-08-21,13203.580078125
2012-08-22,13172.759765625
2012-08-23,13057.4599609375
2012-08-24,13157.9697265625
2012-08-27,13124.669921875
2012-08-28,13102.990234375
2012-08-29,13107.48046875
2012-08-30,13000.7099609375
2012-08-31,13090.83984375
2012-09-04,13035.9404296875
2012-09-05,13047.48046875
2012-09-06,13292.0
2012-09-07,13306.6396484375
2012-09-10,13254.2900390625
2012-09-11,13323.3603515625
2012-09-12,13333.349609375
2012-09-13,13539.8603515625
2012-09-14,13593.3701171875
2012-09-17,13553.099609375
2012-09-18,13564.6396484375
2012-09-19,13577.9599609375
2012-09-20,13596.9296875
2012-09-21,13579.4697265625
2012-09-24,13558.919921875
2012-09-25,13457.5498046875
2012-09-26,13413.509765625
2012-09-27,13485.9697265625
2012-09-28,13437.1298828125
2012-10-01,13515.1103515625
2012-10-02,13482.3603515625
2012-10-03,13494.6103515625
2012-10-04,13575.3603515625
2012-10-05,13610.150390625
2012-10-08,13583.650390625
2012-10-09,13473.5302734375
2012-10-10,13344.9697265625
2012-10-11,13326.3896484375
2012-10-12,13328.849609375
2012-10-15,13424.23046875
2012-10-16,13551.7802734375
2012-10-17,13557.0
2012-10-18,13548.9404296875
2012-10-19,13343.509765625
2012-10-22,13345.8896484375
2012-10-23,13102.5302734375
2012-10-24,13077.33984375
2012-10-25,13103.6796875
2012-10-26,13107.2099609375
2012-10-31,13096.4599609375
2012-11-01,13232.6201171875
2012-11-02,13093.16015625
2012-11-05,13112.4404296875
2012-11-06,13245.6796875
2012-11-07,12932.73046875
2012-11-08,12811.3203125
2012-11-09,12815.3896484375
2012-11-12,12815.080078125
2012-11-13,12756.1796875
2012-11-14,12570.9501953125
2012-11-15,12542.3798828125
2012-11-16,12588.3095703125
2012-11-19,12795.9599609375
2012-11-20,12788.509765625
2012-11-21,12836.8896484375
2012-11-23,13009.5302734375
2012-11-26,12967.3701171875
2012-11-27,12878.1298828125
2012-11-28,12985.1103515625
2012-11-29,13021.8203125
2012-11-30,13025.580078125
2012-12-03,12965.599609375
2012-12-04,12951.7802734375
2012-12-05,13034.490234375
2012-12-06,13074.0400390625
2012-12-07,13155.1298828125
2012-12-10,13169.8798828125
2012-12-11,13248.4404296875
2012-12-12,13245.4501953125
2012-12-13,13170.7197265625
2012-12-14,13135.009765625
2012-12-17,13235.3896484375
2012-12-18,13350.9599609375
2012-12-19,13251.9697265625
2012-12-20,13311.7197265625
2012-12-21,13190.83984375
2012-12-24,13138.9296875
2012-12-26,13114.58984375
2012-12-27,13096.3095703125
2012-12-28,12938.1103515625
2012-12-31,13104.1396484375
2013-01-02,13412.5498046875
2013-01-03,13391.3603515625
2013-01-04,13435.2099609375
2013-01-07,13384.2900390625
2013-01-08,13328.849609375
2013-01-09,13390.509765625
2013-01-10,13471.2197265625
2013-01-11,13488.4296875
2013-01-14,13507.3203125
2013-01-15,13534.8896484375
2013-01-16,13511.23046875
2013-01-17,13596.01953125
2013-01-18,13649.7001953125
2013-01-22,13712.2099609375
2013-01-23,13779.330078125
2013-01-24,13825.330078125
2013-01-25,13895.98046875
2013-01-28,13881.9296875
2013-01-29,13954.419921875
2013-01-30,13910.419921875
2013-01-31,13860.580078125
2013-02-01,14009.7900390625
2013-02-04,13880.080078125
2013-02-05,13979.2998046875
2013-02-06,13986.51953125
2013-02-07,13944.0498046875
2013-02-08,13992.9697265625
2013-02-11,13971.240234375
2013-02-12,14018.7001953125
2013-02-13,13982.91015625
2013-02-14,13973.3896484375
2013-02-15,13981.759765625
2013-02-19,14035.669921875
2013-02-20,13927.5400390625
2013-02-21,13880.6201171875
2013-02-22,14000.5703125
2013-02-25,13784.169921875
2013-02-26,13900.1298828125
2013-02-27,14075.3701171875
2013-02-28,14054.490234375
2013-03-01,14089.66015625
2013-03-04,14127.8203125
2013-03-05,14253.76953125
2013-03-06,14296.240234375
2013-03-07,14329.490234375
2013-03-08,14397.0703125
2013-03-11,14447.2900390625
2013-03-12,14450.0595703125
2013-03-13,14455.2802734375
2013-03-14,14539.1396484375
2013-03-15,14514.1103515625
2013-03-18,14452.0595703125
2013-03-19,14455.8203125
2013-03-20,14511.73046875
2013-03-21,14421.490234375
2013-03-22,14512.0302734375
2013-03-25,14447.75
2013-03-26,14559.650390625
2013-03-27,14526.16015625
2013-03-28,14578.5400390625
2013-04-01,14572.849609375
2013-04-02,14662.009765625
2013-04-03,14550.349609375
2013-04-04,14606.1103515625
2013-04-05,14565.25
2013-04-08,14613.48046875
2013-04-09,14673.4599609375
2013-04-10,14802.240234375
2013-04-11,14865.1396484375
2013-04-12,14865.0595703125
2013-04-15,14599.2001953125
2013-04-16,14756.7802734375
2013-04-17,14618.58984375
2013-04-18,14537.1396484375
2013-04-19,14547.509765625
2013-04-22,14567.169921875
2013-04-23,14719.4599609375
2013-04-24,14676.2998046875
2013-04-25,14700.7998046875
2013-04-26,14712.5498046875
2013-04-29,14818.75
2013-04-30,14839.7998046875
2013-05-01,14700.9501953125
2013-05-02,14831.580078125
2013-05-03,14973.9599609375
2013-05-06,14968.8896484375
2013-05-07,15056.2001953125
2013-05-08,15105.1201171875
2013-05-09,15082.6201171875
2013-05-10,15118.490234375
2013-05-13,15091.6796875
2013-05-14,15215.25
2013-05-15,15275.6904296875
2013-05-16,15233.2197265625
2013-05-17,15354.400390625
2013-05-20,15335.2802734375
2013-05-21,15387.580078125
2013-05-22,15307.169921875
2013-05-23,15294.5
2013-05-24,15303.099609375
2013-05-28,15409.3896484375
2013-05-29,15302.7998046875
2013-05-30,15324.5302734375
2013-05-31,15115.5703125
2013-06-03,15254.0302734375
2013-06-04,15177.5400390625
2013-06-05,14960.58984375
2013-06-06,15040.6201171875
2013-06-07,15248.1201171875
2013-06-10,15238.58984375
2013-06-11,15122.01953125
2013-06-12,14995.23046875
2013-06-13,15176.080078125
2013-06-14,15070.1796875
2013-06-17,15179.849609375
2013-06-18,15318.23046875
2013-06-19,15112.1904296875
2013-06-20,14758.3203125
2013-06-21,14799.400390625
2013-06-24,14659.5595703125
2013-06-25,14760.3095703125
2013-06-26,14910.1396484375
2013-06-27,15024.490234375
2013-06-28,14909.599609375
2013-07-01,14974.9599609375
2013-07-02,14932.41015625
2013-07-03,14988.3701171875
2013-07-05,15135.83984375
2013-07-08,15224.6904296875
2013-07-09,15300.33984375
2013-07-10,15291.66015625
2013-07-11,15460.919921875
2013-07-12,15464.2998046875
2013-07-15,15484.259765625
2013-07-16,15451.849609375
2013-07-17,15470.51953125
2013-07-18,15548.5400390625
2013-07-19,15543.740234375
2013-07-22,15545.5498046875
2013-07-23,15567.740234375
2013-07-24,15542.240234375
2013-07-25,15555.6103515625
2013-07-26,15558.830078125
2013-07-29,15521.9697265625
2013-07-30,15520.58984375
2013-07-31,15499.5400390625
2013-08-01,15628.01953125
2013-08-02,15658.3603515625
2013-08-05,15612.1298828125
2013-08-06,15518.740234375
2013-08-07,15470.669921875
2013-08-08,15498.3203125
2013-08-09,15425.509765625
2013-08-12,15419.6796875
2013-08-13,15451.009765625
2013-08-14,15337.66015625
2013-08-15,15112.1904296875
2013-08-16,15081.4697265625
2013-08-19,15010.740234375
2013-08-20,15002.990234375
2013-08-21,14897.5498046875
2013-08-22,14963.740234375
2013-08-23,15010.509765625
2013-08-26,14946.4599609375
2013-08-27,14776.1298828125
2013-08-28,14824.509765625
2013-08-29,14840.9501953125
2013-08-30,14810.3095703125
2013-09-03,14833.9599609375
2013-09-04,14930.8701171875
2013-09-05,14937.48046875
2013-09-06,14922.5
2013-09-09,15063.1201171875
2013-09-10,15191.0595703125
2013-09-11,15326.599609375
2013-09-12,15300.6396484375
2013-09-13,15376.0595703125
2013-09-16,15494.7802734375
2013-09-17,15529.73046875
2013-09-18,15676.9404296875
2013-09-19,15636.5498046875
2013-09-20,15451.08984375
2013-09-23,15401.3798828125
2013-09-24,15334.58984375
2013-09-25,15273.259765625
2013-09-26,15328.2998046875
2013-09-27,15258.240234375
2013-09-30,15129.669921875
2013-10-01,15191.7001953125
2013-10-02,15133.1396484375
2013-10-03,14996.48046875
2013-10-04,15072.580078125
2013-10-07,14936.240234375
2013-10-08,14776.5302734375
2013-10-09,14802.98046875
2013-10-10,15126.0703125
2013-10-11,15237.1103515625
2013-10-14,15301.259765625
2013-10-15,15168.009765625
2013-10-16,15373.830078125
2013-10-17,15371.650390625
2013-10-18,15399.650390625
2013-10-21,15392.2001953125
2013-10-22,15467.66015625
2013-10-23,15413.330078125
2013-10-24,15509.2099609375
2013-10-25,15570.2802734375
2013-10-28,15568.9296875
2013-10-29,15680.349609375
2013-10-30,15618.759765625
2013-10-31,15545.75
2013-11-01,15615.5498046875
2013-11-04,15639.1201171875
2013-11-05,15618.2197265625
2013-11-06,15746.8798828125
2013-11-07,15593.98046875
2013-11-08,15761.7802734375
2013-11-11,15783.099609375
2013-11-12,15750.669921875
2013-11-13,15821.6298828125
2013-11-14,15876.2197265625
2013-11-15,15961.7001953125
2013-11-18,15976.01953125
2013-11-19,15967.0302734375
2013-11-20,15900.8203125
2013-11-21,16009.990234375
2013-11-22,16064.76953125
2013-11-25,16072.5400390625
2013-11-26,16072.7998046875
2013-11-27,16097.330078125
2013-11-29,16086.41015625
2013-12-02,16008.76953125
2013-12-03,15914.6201171875
2013-12-04,15889.76953125
2013-12-05,15821.509765625
2013-12-06,16020.2001953125
2013-12-09,16025.5302734375
2013-12-10,15973.1298828125
2013-12-11,15843.5302734375
2013-12-12,15739.4296875
2013-12-13,15755.3603515625
2013-12-16,15884.5703125
2013-12-17,15875.259765625
2013-12-18,16167.9697265625
2013-12-19,16179.080078125
2013-12-20,16221.1396484375
2013-12-23,16294.6103515625
2013-12-24,16357.5498046875
2013-12-26,16479.880859375
2013-12-27,16478.41015625
2013-12-30,16504.2890625
2013-12-31,16576.66015625
2014-01-02,16441.349609375
2014-01-03,16469.990234375
2014-01-06,16425.099609375
2014-01-07,16530.939453125
2014-01-08,16462.740234375
2014-01-09,16444.759765625
2014-01-10,16437.05078125
2014-01-13,16257.9404296875
2014-01-14,16373.8603515625
2014-01-15,16481.939453125
2014-01-16,16417.009765625
2014-01-17,16458.560546875
2014-01-21,16414.439453125
2014-01-22,16373.33984375
2014-01-23,16197.349609375
2014-01-24,15879.1103515625
2014-01-27,15837.8798828125
2014-01-28,15928.5595703125
2014-01-29,15738.7900390625
2014-01-30,15848.6103515625
2014-01-31,15698.849609375
2014-02-03,15372.7998046875
2014-02-04,15445.240234375
2014-02-05,15440.23046875
2014-02-06,15628.5302734375
2014-02-07,15794.080078125
2014-02-10,15801.7900390625
2014-02-11,15994.76953125
2014-02-12,15963.9404296875
2014-02-13,16027.58984375
2014-02-14,16154.3896484375
2014-02-18,16130.400390625
2014-02-19,16040.5595703125
2014-02-20,16133.23046875
2014-02-21,16103.2998046875
2014-02-24,16207.1396484375
2014-02-25,16179.66015625
2014-02-26,16198.41015625
2014-02-27,16272.650390625
2014-02-28,16321.7099609375
2014-03-03,16168.0302734375
2014-03-04,16395.880859375
2014-03-05,16360.1796875
2014-03-06,16421.890625
2014-03-07,16452.720703125
2014-03-10,16418.6796875
2014-03-11,16351.25
2014-03-12,16340.080078125
2014-03-13,16108.8896484375
2014-03-14,16065.669921875
2014-03-17,16247.2197265625
2014-03-18,16336.1904296875
2014-03-19,16222.169921875
2014-03-20,16331.0498046875
2014-03-21,16302.76953125
2014-03-24,16276.6904296875
2014-03-25,16367.8798828125
2014-03-26,16268.990234375
2014-03-27,16264.23046875
2014-03-28,16323.0595703125
2014-03-31,16457.66015625
2014-04-01,16532.609375
2014-04-02,16573.0
2014-04-03,16572.55078125
2014-04-04,16412.7109375
2014-04-07,16245.8701171875
2014-04-08,16256.1396484375
2014-04-09,16437.1796875
2014-04-10,16170.2197265625
2014-04-11,16026.75
2014-04-14,16173.240234375
2014-04-15,16262.5595703125
2014-04-16,16424.849609375
2014-04-17,16408.5390625
2014-04-21,16449.25
2014-04-22,16514.369140625
2014-04-23,16501.650390625
2014-04-24,16501.650390625
2014-04-25,16361.4599609375
2014-04-28,16448.740234375
2014-04-29,16535.369140625
2014-04-30,16580.83984375
2014-05-01,16558.869140625
2014-05-02,16512.890625
2014-05-05,16530.55078125
2014-05-06,16401.01953125
2014-05-07,16518.5390625
2014-05-08,16550.970703125
2014-05-09,16583.33984375
2014-05-12,16695.470703125
2014-05-13,16715.439453125
2014-05-14,16613.970703125
2014-05-15,16446.810546875
2014-05-16,16491.310546875
2014-05-19,16511.859375
2014-05-20,16374.3095703125
2014-05-21,16533.060546875
2014-05-22,16543.080078125
2014-05-23,16606.26953125
2014-05-27,16675.5
2014-05-28,16633.1796875
2014-05-29,16698.740234375
2014-05-30,16717.169921875
2014-06-02,16743.630859375
2014-06-03,16722.33984375
2014-06-04,16737.529296875
2014-06-05,16836.109375
2014-06-06,16924.279296875
2014-06-09,16943.099609375
2014-06-10,16945.919921875
2014-06-11,16843.880859375
2014-06-12,16734.189453125
2014-06-13,16775.740234375
2014-06-16,16781.009765625
2014-06-17,16808.490234375
2014-06-18,16906.619140625
2014-06-19,16921.4609375
2014-06-20,16947.080078125
2014-06-23,16937.259765625
2014-06-24,16818.130859375
2014-06-25,16867.509765625
2014-06-26,16846.130859375
2014-06-27,16851.83984375
2014-06-30,16826.599609375
2014-07-01,16956.0703125
2014-07-02,16976.240234375
2014-07-03,17068.259765625
2014-07-07,17024.2109375
2014-07-08,16906.619140625
2014-07-09,16985.609375
2014-07-10,16915.0703125
2014-07-11,16943.810546875
2014-07-14,17055.419921875
2014-07-15,17060.6796875
2014-07-16,17138.19921875
2014-07-17,16976.810546875
2014-07-18,17100.1796875
2014-07-21,17051.73046875
2014-07-22,17113.5390625
2014-07-23,17086.630859375
2014-07-24,17083.80078125
2014-07-25,16960.5703125
2014-07-28,16982.58984375
2014-07-29,16912.109375
2014-07-30,16880.359375
2014-07-31,16563.30078125
2014-08-01,16493.369140625
2014-08-04,16569.279296875
2014-08-05,16429.470703125
2014-08-06,16443.33984375
2014-08-07,16368.26953125
2014-08-08,16553.9296875
2014-08-11,16569.98046875
2014-08-12,16560.5390625
2014-08-13,16651.80078125
2014-08-14,16713.580078125
2014-08-15,16662.91015625
2014-08-18,16838.740234375
2014-08-19,16919.58984375
2014-08-20,16979.130859375
2014-08-21,17039.490234375
2014-08-22,17001.220703125
2014-08-25,17076.869140625
2014-08-26,17106.69921875
2014-08-27,17122.009765625
2014-08-28,17079.5703125
2014-08-29,17098.44921875
2014-09-02,17067.560546875
2014-09-03,17078.279296875
2014-09-04,17069.580078125
2014-09-05,17137.359375
2014-09-08,17111.419921875
2014-09-09,17013.869140625
2014-09-10,17068.7109375
2014-09-11,17049.0
2014-09-12,16987.509765625
2014-09-15,17031.140625
2014-09-16,17131.970703125
2014-09-17,17156.849609375
2014-09-18,17265.990234375
2014-09-19,17279.740234375
2014-09-22,17172.6796875
2014-09-23,17055.869140625
2014-09-24,17210.060546875
2014-09-25,16945.80078125
2014-09-26,17113.150390625
2014-09-29,17071.220703125
2014-09-30,17042.900390625
2014-10-01,16804.7109375
2014-10-02,16801.05078125
2014-10-03,17009.689453125
2014-10-06,16991.91015625
2014-10-07,16719.390625
2014-10-08,16994.220703125
2014-10-09,16659.25
2014-10-10,16544.099609375
2014-10-13,16321.0703125
2014-10-14,16315.1904296875
2014-10-15,16141.740234375
2014-10-16,16117.240234375
2014-10-17,16380.41015625
2014-10-20,16399.669921875
2014-10-21,16614.810546875
2014-10-22,16461.3203125
2014-10-23,16677.900390625
2014-10-24,16805.41015625
2014-10-27,16817.939453125
2014-10-28,17005.75
2014-10-29,16974.310546875
2014-10-30,17195.419921875
2014-10-31,17390.51953125
2014-11-03,17366.240234375
2014-11-04,17383.83984375
2014-11-05,17484.529296875
2014-11-06,17554.470703125
2014-11-07,17573.9296875
2014-11-10,17613.740234375
2014-11-11,17614.900390625
2014-11-12,17612.19921875
2014-11-13,17652.7890625
2014-11-14,17634.740234375
2014-11-17,17647.75
2014-11-18,17687.8203125
2014-11-19,17685.73046875
2014-11-20,17719.0
2014-11-21,17810.060546875
2014-11-24,17817.900390625
2014-11-25,17814.939453125
2014-11-26,17827.75
2014-11-28,17828.240234375
2014-12-01,17776.80078125
2014-12-02,17879.55078125
2014-12-03,17912.619140625
2014-12-04,17900.099609375
2014-12-05,17958.7890625
2014-12-08,17852.48046875
2014-12-09,17801.19921875
2014-12-10,17533.150390625
2014-12-11,17596.33984375
2014-12-12,17280.830078125
2014-12-15,17180.83984375
2014-12-16,17068.869140625
2014-12-17,17356.869140625
2014-12-18,17778.150390625
2014-12-19,17804.80078125
2014-12-22,17959.439453125
2014-12-23,18024.169921875
2014-12-24,18030.2109375
2014-12-26,18053.7109375
2014-12-29,18038.23046875
2014-12-30,17983.0703125
2014-12-31,17823.0703125
2015-01-02,17832.990234375
2015-01-05,17501.650390625
2015-01-06,17371.640625
2015-01-07,17584.51953125
2015-01-08,17907.869140625
2015-01-09,17737.369140625
2015-01-12,17640.83984375
2015-01-13,17613.6796875
2015-01-14,17427.08984375
2015-01-15,17320.7109375
2015-01-16,17511.5703125
2015-01-20,17515.23046875
2015-01-21,17554.279296875
2015-01-22,17813.98046875
2015-01-23,17672.599609375
2015-01-26,17678.69921875
2015-01-27,17387.2109375
2015-01-28,17191.369140625
2015-01-29,17416.849609375
2015-01-30,17164.94921875
2015-02-02,17361.0390625
2015-02-03,17666.400390625
2015-02-04,17673.01953125
2015-02-05,17884.880859375
2015-02-06,17824.2890625
2015-02-09,17729.2109375
2015-02-10,17868.759765625
2015-02-11,17862.140625
2015-02-12,17972.380859375
2015-02-13,18019.349609375
2015-02-17,18047.580078125
2015-02-18,18029.849609375
2015-02-19,17985.76953125
2015-02-20,18140.439453125
2015-02-23,18116.83984375
2015-02-24,18209.189453125
2015-02-25,18224.5703125
2015-02-26,18214.419921875
2015-02-27,18132.69921875
2015-03-02,18288.630859375
2015-03-03,18203.369140625
2015-03-04,18096.900390625
2015-03-05,18135.720703125
2015-03-06,17856.779296875
2015-03-09,17995.720703125
2015-03-10,17662.939453125
2015-03-11,17635.390625
2015-03-12,17895.220703125
2015-03-13,17749.310546875
2015-03-16,17977.419921875
2015-03-17,17849.080078125
2015-03-18,18076.189453125
2015-03-19,17959.029296875
2015-03-20,18127.650390625
2015-03-23,18116.0390625
2015-03-24,18011.140625
2015-03-25,17718.5390625
2015-03-26,17678.23046875
2015-03-27,17712.66015625
2015-03-30,17976.310546875
2015-03-31,17776.119140625
2015-04-01,17698.1796875
2015-04-02,17763.240234375
2015-04-06,17880.849609375
2015-04-07,17875.419921875
2015-04-08,17902.509765625
2015-04-09,17958.73046875
2015-04-10,18057.650390625
2015-04-13,17977.0390625
2015-04-14,18036.69921875
2015-04-15,18112.609375
2015-04-16,18105.76953125
2015-04-17,17826.30078125
2015-04-20,18034.9296875
2015-04-21,17949.58984375
2015-04-22,18038.26953125
2015-04-23,18058.689453125
2015-04-24,18080.140625
2015-04-27,18037.970703125
2015-04-28,18110.140625
2015-04-29,18035.529296875
2015-04-30,17840.51953125
2015-05-01,18024.060546875
2015-05-04,18070.400390625
2015-05-05,17928.19921875
2015-05-06,17841.98046875
2015-05-07,17924.060546875
2015-05-08,18191.109375
2015-05-11,18105.169921875
2015-05-12,18068.23046875
2015-05-13,18060.490234375
2015-05-14,18252.240234375
2015-05-15,18272.560546875
2015-05-18,18298.880859375
2015-05-19,18312.390625
2015-05-20,18285.400390625
2015-05-21,18285.740234375
2015-05-22,18232.01953125
2015-05-26,18041.5390625
2015-05-27,18162.990234375
2015-05-28,18126.119140625
2015-05-29,18010.6796875
2015-06-01,18040.369140625
2015-06-02,18011.939453125
2015-06-03,18076.26953125
2015-06-04,17905.580078125
2015-06-05,17849.4609375
2015-06-08,17766.55078125
2015-06-09,17764.0390625
2015-06-10,18000.400390625
2015-06-11,18039.369140625
2015-06-12,17898.83984375
2015-06-15,17791.169921875
2015-06-16,17904.48046875
2015-06-17,17935.740234375
2015-06-18,18115.83984375
2015-06-19,18015.94921875
2015-06-22,18119.779296875
2015-06-23,18144.0703125
2015-06-24,17966.0703125
2015-06-25,17890.359375
2015-06-26,17946.6796875
2015-06-29,17596.349609375
2015-06-30,17619.509765625
2015-07-01,17757.91015625
2015-07-02,17730.109375
2015-07-06,17683.580078125
2015-07-07,17776.91015625
2015-07-08,17515.419921875
2015-07-09,17548.619140625
2015-07-10,17760.41015625
2015-07-13,17977.6796875
2015-07-14,18053.580078125
2015-07-15,18050.169921875
2015-07-16,18120.25
2015-07-17,18086.44921875
2015-07-20,18100.41015625
2015-07-21,17919.2890625
2015-07-22,17851.0390625
2015-07-23,17731.919921875
2015-07-24,17568.529296875
2015-07-27,17440.58984375
2015-07-28,17630.26953125
2015-07-29,17751.390625
2015-07-30,17745.98046875
2015-07-31,17689.859375
2015-08-03,17598.19921875
2015-08-04,17550.689453125
2015-08-05,17540.470703125
2015-08-06,17419.75
2015-08-07,17373.380859375
2015-08-10,17615.169921875
2015-08-11,17402.83984375
2015-08-12,17402.509765625
2015-08-13,17408.25
2015-08-14,17477.400390625
2015-08-17,17545.1796875
2015-08-18,17511.33984375
2015-08-19,17348.73046875
2015-08-20,16990.689453125
2015-08-21,16459.75
2015-08-24,15871.349609375
2015-08-25,15666.4404296875
2015-08-26,16285.509765625
2015-08-27,16654.76953125
2015-08-28,16643.009765625
2015-08-31,16528.029296875
2015-09-01,16058.349609375
2015-09-02,16351.3798828125
2015-09-03,16374.759765625
2015-09-04,16102.3798828125
2015-09-08,16492.6796875
2015-09-09,16253.5703125
2015-09-10,16330.400390625
2015-09-11,16433.08984375
2015-09-14,16370.9599609375
2015-09-15,16599.849609375
2015-09-16,16739.94921875
2015-09-17,16674.740234375
2015-09-18,16384.580078125
2015-09-21,16510.189453125
2015-09-22,16330.4697265625
2015-09-23,16279.8896484375
2015-09-24,16201.3203125
2015-09-25,16314.669921875
2015-09-28,16001.8896484375
2015-09-29,16049.1298828125
2015-09-30,16284.7001953125
2015-10-01,16272.009765625
2015-10-02,16472.369140625
2015-10-05,16776.4296875
2015-10-06,16790.189453125
2015-10-07,16912.2890625
2015-10-08,17050.75
2015-10-09,17084.490234375
2015-10-12,17131.859375
2015-10-13,17081.890625
2015-10-14,16924.75
2015-10-15,17141.75
2015-10-16,17215.970703125
2015-10-19,17230.5390625
2015-10-20,17217.109375
2015-10-21,17168.609375
2015-10-22,17489.16015625
2015-10-23,17646.69921875
2015-10-26,17623.05078125
2015-10-27,17581.4296875
2015-10-28,17779.51953125
2015-10-29,17755.80078125
2015-10-30,17663.5390625
2015-11-02,17828.759765625
2015-11-03,17918.150390625
2015-11-04,17867.580078125
2015-11-05,17863.4296875
2015-11-06,17910.330078125
2015-11-09,17730.48046875
2015-11-10,17758.2109375
2015-11-11,17702.220703125
2015-11-12,17448.0703125
2015-11-13,17245.240234375
2015-11-16,17483.009765625
2015-11-17,17489.5
2015-11-18,17737.16015625
2015-11-19,17732.75
2015-11-20,17823.810546875
2015-11-23,17792.6796875
2015-11-24,17812.189453125
2015-11-25,17813.390625
2015-11-27,17813.390625
2015-11-30,17719.919921875
2015-12-01,17888.349609375
2015-12-02,17729.6796875
2015-12-03,17477.669921875
2015-12-04,17847.630859375
2015-12-07,17730.509765625
2015-12-08,17568.0
2015-12-09,17492.30078125
2015-12-10,17574.75
2015-12-11,17265.2109375
2015-12-14,17368.5
2015-12-15,17524.91015625
2015-12-16,17749.08984375
2015-12-17,17495.83984375
2015-12-18,17128.55078125
2015-12-21,17251.619140625
2015-12-22,17417.26953125
2015-12-23,17602.609375
2015-12-24,17552.169921875
2015-12-28,17528.26953125
2015-12-29,17720.98046875
2015-12-30,17603.869140625
2015-12-31,17425.029296875
2016-01-04,17148.939453125
2016-01-05,17158.66015625
2016-01-06,16906.509765625
2016-01-07,16514.099609375
2016-01-08,16346.4501953125
2016-01-11,16398.5703125
2016-01-12,16516.220703125
2016-01-13,16151.41015625
2016-01-14,16379.0498046875
2016-01-15,15988.080078125
2016-01-19,16016.01953125
2016-01-20,15766.740234375
2016-01-21,15882.6796875
2016-01-22,16093.509765625
2016-01-25,15885.2197265625
2016-01-26,16167.23046875
2016-01-27,15944.4599609375
2016-01-28,16069.6396484375
2016-01-29,16466.30078125
2016-02-01,16449.1796875
2016-02-02,16153.5400390625
2016-02-03,16336.66015625
2016-02-04,16416.580078125
2016-02-05,16204.9697265625
2016-02-08,16027.0498046875
2016-02-09,16014.3798828125
2016-02-10,15914.740234375
2016-02-11,15660.1796875
2016-02-12,15973.83984375
2016-02-16,16196.41015625
2016-02-17,16453.830078125
2016-02-18,16413.4296875
2016-02-19,16391.990234375
2016-02-22,16620.66015625
2016-02-23,16431.779296875
2016-02-24,16484.990234375
2016-02-25,16697.2890625
2016-02-26,16639.970703125
2016-02-29,16516.5
2016-03-01,16865.080078125
2016-03-02,16899.3203125
2016-03-03,16943.900390625
2016-03-04,17006.76953125
2016-03-07,17073.94921875
2016-03-08,16964.099609375
2016-03-09,17000.359375
2016-03-10,16995.130859375
2016-03-11,17213.310546875
2016-03-14,17229.130859375
2016-03-15,17251.529296875
2016-03-16,17325.759765625
2016-03-17,17481.490234375
2016-03-18,17602.30078125
2016-03-21,17623.869140625
2016-03-22,17582.5703125
2016-03-23,17502.58984375
2016-03-24,17515.73046875
2016-03-28,17535.390625
2016-03-29,17633.109375
2016-03-30,17716.66015625
2016-03-31,17685.08984375
2016-04-01,17792.75
2016-04-04,17737.0
2016-04-05,17603.3203125
2016-04-06,17716.05078125
2016-04-07,17541.9609375
2016-04-08,17576.9609375
2016-04-11,17556.41015625
2016-04-12,17721.25
2016-04-13,17908.279296875
2016-04-14,17926.4296875
2016-04-15,17897.4609375
2016-04-18,18004.16015625
2016-04-19,18053.599609375
2016-04-20,18096.26953125
2016-04-21,17982.51953125
2016-04-22,18003.75
2016-04-25,17977.240234375
2016-04-26,17990.3203125
2016-04-27,18041.55078125
2016-04-28,17830.759765625
2016-04-29,17773.640625
2016-05-02,17891.16015625
2016-05-03,17750.91015625
2016-05-04,17651.259765625
2016-05-05,17660.7109375
2016-05-06,17740.630859375
2016-05-09,17705.91015625
2016-05-10,17928.349609375
2016-05-11,17711.119140625
2016-05-12,17720.5
2016-05-13,17535.3203125
2016-05-16,17710.7109375
2016-05-17,17529.98046875
2016-05-18,17526.619140625
2016-05-19,17435.400390625
2016-05-20,17500.939453125
2016-05-23,17492.9296875
2016-05-24,17706.05078125
2016-05-25,17851.509765625
2016-05-26,17828.2890625
2016-05-27,17873.220703125
2016-05-31,17787.19921875
2016-06-01,17789.669921875
2016-06-02,17838.560546875
2016-06-03,17807.060546875
2016-06-06,17920.330078125
2016-06-07,17938.279296875
2016-06-08,18005.05078125
2016-06-09,17985.189453125
2016-06-10,17865.33984375
2016-06-13,17732.48046875
2016-06-14,17674.8203125
2016-06-15,17640.169921875
2016-06-16,17733.099609375
2016-06-17,17675.16015625
2016-06-20,17804.869140625
2016-06-21,17829.73046875
2016-06-22,17780.830078125
2016-06-23,18011.0703125
2016-06-24,17400.75
2016-06-27,17140.240234375
2016-06-28,17409.720703125
2016-06-29,17694.6796875
2016-06-30,17929.990234375
2016-07-01,17949.369140625
2016-07-05,17840.619140625
2016-07-06,17918.619140625
2016-07-07,17895.880859375
2016-07-08,18146.740234375
2016-07-11,18226.9296875
2016-07-12,18347.669921875
2016-07-13,18372.119140625
2016-07-14,18506.41015625
2016-07-15,18516.55078125
2016-07-18,18533.05078125
2016-07-19,18559.009765625
2016-07-20,18595.029296875
2016-07-21,18517.23046875
2016-07-22,18570.849609375
2016-07-25,18493.060546875
2016-07-26,18473.75
2016-07-27,18472.169921875
2016-07-28,18456.349609375
2016-07-29,18432.240234375
2016-08-01,18404.509765625
2016-08-02,18313.76953125
2016-08-03,18355.0
2016-08-04,18352.05078125
2016-08-05,18543.529296875
2016-08-08,18529.2890625
2016-08-09,18533.05078125
2016-08-10,18495.66015625
2016-08-11,18613.51953125
2016-08-12,18576.470703125
2016-08-15,18636.05078125
2016-08-16,18552.01953125
2016-08-17,18573.939453125
2016-08-18,18597.69921875
2016-08-19,18552.5703125
2016-08-22,18529.419921875
2016-08-23,18547.30078125
2016-08-24,18481.48046875
2016-08-25,18448.41015625
2016-08-26,18395.400390625
2016-08-29,18502.990234375
2016-08-30,18454.30078125
2016-08-31,18400.880859375
2016-09-01,18419.30078125
2016-09-02,18491.9609375
2016-09-06,18538.119140625
2016-09-07,18526.140625
2016-09-08,18479.91015625
2016-09-09,18085.44921875
2016-09-12,18325.0703125
2016-09-13,18066.75
2016-09-14,18034.76953125
2016-09-15,18212.48046875
2016-09-16,18123.80078125
2016-09-19,18120.169921875
2016-09-20,18129.9609375
2016-09-21,18293.69921875
2016-09-22,18392.4609375
2016-09-23,18261.44921875
2016-09-26,18094.830078125
2016-09-27,18228.30078125
2016-09-28,18339.240234375
2016-09-29,18143.44921875
2016-09-30,18308.150390625
2016-10-03,18253.849609375
2016-10-04,18168.44921875
2016-10-05,18281.029296875
2016-10-06,18268.5
2016-10-07,18240.490234375
2016-10-10,18329.0390625
2016-10-11,18128.66015625
2016-10-12,18144.19921875
2016-10-13,18098.939453125
2016-10-14,18138.380859375
2016-10-17,18086.400390625
2016-10-18,18161.939453125
2016-10-19,18202.619140625
2016-10-20,18162.349609375
2016-10-21,18145.7109375
2016-10-24,18223.029296875
2016-10-25,18169.26953125
2016-10-26,18199.330078125
2016-10-27,18169.6796875
2016-10-28,18161.189453125
2016-10-31,18142.419921875
2016-11-01,18037.099609375
2016-11-02,17959.640625
2016-11-03,17930.669921875
2016-11-04,17888.279296875
2016-11-07,18259.599609375
2016-11-08,18332.740234375
2016-11-09,18589.689453125
2016-11-10,18807.880859375
2016-11-11,18847.66015625
2016-11-14,18868.689453125
2016-11-15,18923.060546875
2016-11-16,18868.140625
2016-11-17,18903.8203125
2016-11-18,18867.9296875
2016-11-21,18956.689453125
2016-11-22,19023.869140625
2016-11-23,19083.1796875
2016-11-25,19152.140625
2016-11-28,19097.900390625
2016-11-29,19121.599609375
2016-11-30,19123.580078125
2016-12-01,19191.9296875
2016-12-02,19170.419921875
2016-12-05,19216.240234375
2016-12-06,19251.779296875
2016-12-07,19549.619140625
2016-12-08,19614.810546875
2016-12-09,19756.849609375
2016-12-12,19796.4296875
2016-12-13,19911.2109375
2016-12-14,19792.529296875
2016-12-15,19852.240234375
2016-12-16,19843.41015625
2016-12-19,19883.060546875
2016-12-20,19974.619140625
2016-12-21,19941.9609375
2016-12-22,19918.880859375
2016-12-23,19933.810546875
2016-12-27,19945.0390625
2016-12-28,19833.6796875
2016-12-29,19819.779296875
2016-12-30,19762.599609375
2017-01-03,19881.759765625
2017-01-04,19942.16015625
2017-01-05,19899.2890625
2017-01-06,19963.80078125
2017-01-09,19887.380859375
2017-01-10,19855.529296875
2017-01-11,19954.279296875
2017-01-12,19891.0
2017-01-13,19885.73046875
2017-01-17,19826.76953125
2017-01-18,19804.720703125
2017-01-19,19732.400390625
2017-01-20,19827.25
2017-01-23,19799.849609375
2017-01-24,19912.7109375
2017-01-25,20068.509765625
2017-01-26,20100.91015625
2017-01-27,20093.779296875
2017-01-30,19971.130859375
2017-01-31,19864.08984375
2017-02-01,19890.939453125
2017-02-02,19884.91015625
2017-02-03,20071.4609375
2017-02-06,20052.419921875
2017-02-07,20090.2890625
2017-02-08,20054.33984375
2017-02-09,20172.400390625
2017-02-10,20269.369140625
2017-02-13,20412.16015625
2017-02-14,20504.41015625
2017-02-15,20611.859375
2017-02-16,20619.76953125
2017-02-17,20624.05078125
2017-02-21,20743.0
2017-02-22,20775.599609375
2017-02-23,20810.3203125
2017-02-24,20821.759765625
2017-02-27,20837.439453125
2017-02-28,20812.240234375
2017-03-01,21115.55078125
2017-03-02,21002.970703125
2017-03-03,21005.7109375
2017-03-06,20954.33984375
2017-03-07,20924.759765625
2017-03-08,20855.73046875
2017-03-09,20858.189453125
2017-03-10,20902.98046875
2017-03-13,20881.48046875
2017-03-14,20837.369140625
2017-03-15,20950.099609375
2017-03-16,20934.55078125
2017-03-17,20914.619140625
2017-03-20,20905.859375
2017-03-21,20668.009765625
2017-03-22,20661.30078125
2017-03-23,20656.580078125
2017-03-24,20596.720703125
2017-03-27,20550.98046875
2017-03-28,20701.5
2017-03-29,20659.3203125
2017-03-30,20728.490234375
2017-03-31,20663.220703125
2017-04-03,20650.2109375
2017-04-04,20689.240234375
2017-04-05,20648.150390625
2017-04-06,20662.94921875
2017-04-07,20656.099609375
2017-04-10,20658.01953125
2017-04-11,20651.30078125
2017-04-12,20591.859375
2017-04-13,20453.25
2017-04-17,20636.919921875
2017-04-18,20523.279296875
2017-04-19,20404.490234375
2017-04-20,20578.7109375
2017-04-21,20547.759765625
2017-04-24,20763.890625
2017-04-25,20996.119140625
2017-04-26,20975.08984375
2017-04-27,20981.330078125
2017-04-28,20940.509765625
2017-05-01,20913.4609375
2017-05-02,20949.890625
2017-05-03,20957.900390625
2017-05-04,20951.470703125
2017-05-05,21006.939453125
2017-05-08,21012.279296875
2017-05-09,20975.779296875
2017-05-10,20943.109375
2017-05-11,20919.419921875
2017-05-12,20896.609375
2017-05-15,20981.939453125
2017-05-16,20979.75
2017-05-17,20606.9296875
2017-05-18,20663.01953125
2017-05-19,20804.83984375
2017-05-22,20894.830078125
2017-05-23,20937.91015625
2017-05-24,21012.419921875
2017-05-25,21082.94921875
2017-05-26,21080.279296875
2017-05-30,21029.470703125
2017-05-31,21008.650390625
2017-06-01,21144.1796875
2017-06-02,21206.2890625
2017-06-05,21184.0390625
2017-06-06,21136.23046875
2017-06-07,21173.689453125
2017-06-08,21182.529296875
2017-06-09,21271.970703125
2017-06-12,21235.669921875
2017-06-13,21328.470703125
2017-06-14,21374.560546875
2017-06-15,21359.900390625
2017-06-16,21384.279296875
2017-06-19,21528.990234375
2017-06-20,21467.140625
2017-06-21,21410.029296875
2017-06-22,21397.2890625
2017-06-23,21394.759765625
2017-06-26,21409.55078125
2017-06-27,21310.66015625
2017-06-28,21454.609375
2017-06-29,21287.029296875
2017-06-30,21349.630859375
2017-07-03,21479.26953125
2017-07-05,21478.169921875
2017-07-06,21320.0390625
2017-07-07,21414.33984375
2017-07-10,21408.51953125
2017-07-11,21409.0703125
2017-07-12,21532.140625
2017-07-13,21553.08984375
2017-07-14,21637.740234375
2017-07-17,21629.720703125
2017-07-18,21574.73046875
2017-07-19,21640.75
2017-07-20,21611.779296875
2017-07-21,21580.0703125
2017-07-24,21513.169921875
2017-07-25,21613.4296875
2017-07-26,21711.009765625
2017-07-27,21796.55078125
2017-07-28,21830.310546875
2017-07-31,21891.119140625
2017-08-01,21963.919921875
2017-08-02,22016.240234375
2017-08-03,22026.099609375
2017-08-04,22092.810546875
2017-08-07,22118.419921875
2017-08-08,22085.33984375
2017-08-09,22048.69921875
2017-08-10,21844.009765625
2017-08-11,21858.3203125
2017-08-14,21993.7109375
2017-08-15,21998.990234375
2017-08-16,22024.869140625
2017-08-17,21750.73046875
2017-08-18,21674.509765625
2017-08-21,21703.75
2017-08-22,21899.890625
2017-08-23,21812.08984375
2017-08-24,21783.400390625
2017-08-25,21813.669921875
2017-08-28,21808.400390625
2017-08-29,21865.369140625
2017-08-30,21892.4296875
2017-08-31,21948.099609375
2017-09-01,21987.560546875
2017-09-05,21753.310546875
2017-09-06,21807.640625
2017-09-07,21784.779296875
2017-09-08,21797.7890625
2017-09-11,22057.369140625
2017-09-12,22118.859375
2017-09-13,22158.1796875
2017-09-14,22203.48046875
2017-09-15,22268.33984375
2017-09-18,22331.349609375
2017-09-19,22370.80078125
2017-09-20,22412.58984375
2017-09-21,22359.23046875
2017-09-22,22349.58984375
2017-09-25,22296.08984375
2017-09-26,22284.3203125
2017-09-27,22340.7109375
2017-09-28,22381.19921875
2017-09-29,22405.08984375
2017-10-02,22557.599609375
2017-10-03,22641.669921875
2017-10-04,22661.640625
2017-10-05,22775.390625
2017-10-06,22773.669921875
2017-10-09,22761.0703125
2017-10-10,22830.6796875
2017-10-11,22872.890625
2017-10-12,22841.009765625
2017-10-13,22871.720703125
2017-10-16,22956.9609375
2017-10-17,22997.439453125
2017-10-18,23157.599609375
2017-10-19,23163.0390625
2017-10-20,23328.630859375
2017-10-23,23273.9609375
2017-10-24,23441.759765625
2017-10-25,23329.4609375
2017-10-26,23400.859375
2017-10-27,23434.189453125
2017-10-30,23348.740234375
2017-10-31,23377.240234375
2017-11-01,23435.009765625
2017-11-02,23516.259765625
2017-11-03,23539.189453125
2017-11-06,23548.419921875
2017-11-07,23557.23046875
2017-11-08,23563.359375
2017-11-09,23461.939453125
2017-11-10,23422.2109375
2017-11-13,23439.69921875
2017-11-14,23409.470703125
2017-11-15,23271.279296875
2017-11-16,23458.359375
2017-11-17,23358.240234375
2017-11-20,23430.330078125
2017-11-21,23590.830078125
2017-11-22,23526.1796875
2017-11-24,23557.990234375
2017-11-27,23580.779296875
2017-11-28,23836.7109375
2017-11-29,23940.6796875
2017-11-30,24272.349609375
2017-12-01,24231.58984375
2017-12-04,24290.05078125
2017-12-05,24180.640625
2017-12-06,24140.91015625
2017-12-07,24211.48046875
2017-12-08,24329.16015625
2017-12-11,24386.029296875
2017-12-12,24504.80078125
2017-12-13,24585.4296875
2017-12-14,24508.66015625
2017-12-15,24651.740234375
2017-12-18,24792.19921875
2017-12-19,24754.75
2017-12-20,24726.650390625
2017-12-21,24782.2890625
2017-12-22,24754.060546875
2017-12-26,24746.2109375
2017-12-27,24774.30078125
2017-12-28,24837.509765625
2017-12-29,24719.220703125
